doctor_id,facility_id,age
D0001,F0185,37
D0002,F0234,63
D0003,F0222,48
D0004,F0041,43
D0005,F0248,47
D0006,F0161,41
D0007,F0097,60
D0008,F0155,64
D0009,F0291,35
D0010,F0258,55
D0011,F0251,43
D0012,F0139,34
D0013,F0236,62
D0014,F0116,34
D0015,F0206,39
D0016,F0192,33
D0017,F0075,48
D0018,F0080,52
D0019,F0019,43
D0020,F0042,35
D0021,F0131,36
D0022,F0144,62
D0023,F0050,58
D0024,F0126,62
D0025,F0182,49
D0026,F0070,50
D0027,F0102,58
D0028,F0111,52
D0029,F0152,46
D0030,F0110,42
D0031,F0222,48
D0032,F0099,35
D0033,F0131,39
D0034,F0114,56
D0035,F0055,60
D0036,F0206,36
D0037,F0071,36
D0038,F0090,35
D0039,F0238,58
D0040,F0285,42
D0041,F0202,43
D0042,F0275,33
D0043,F0257,64
D0044,F0145,46
D0045,F0232,58
D0046,F0099,55
D0047,F0139,37
D0048,F0161,58
D0049,F0289,50
D0050,F0255,52
D0051,F0147,39
D0052,F0196,60
D0053,F0061,62
D0054,F0242,46
D0055,F0166,35
D0056,F0160,60
D0057,F0230,61
D0058,F0190,49
D0059,F0022,51
D0060,F0087,40
D0061,F0054,35
D0062,F0221,63
D0063,F0011,48
D0064,F0061,41
D0065,F0180,55
D0066,F0209,33
D0067,F0151,35
D0068,F0259,40
D0069,F0276,47
D0070,F0040,44
D0071,F0286,38
D0072,F0185,44
D0073,F0191,43
D0074,F0029,49
D0075,F0187,51
D0076,F0218,61
D0077,F0175,58
D0078,F0026,42
D0079,F0157,61
D0080,F0281,49
D0081,F0218,39
D0082,F0042,43
D0083,F0288,56
D0084,F0288,59
D0085,F0051,44
D0086,F0241,38
D0087,F0123,39
D0088,F0179,36
D0089,F0134,55
D0090,F0235,49
D0091,F0299,47
D0092,F0239,54
D0093,F0280,59
D0094,F0284,58
D0095,F0028,37
D0096,F0077,51
D0097,F0217,61
D0098,F0178,57
D0099,F0016,43
D0100,F0029,45
D0101,F0157,61
D0102,F0185,34
D0103,F0051,49
D0104,F0052,36
D0105,F0039,61
D0106,F0170,34
D0107,F0003,33
D0108,F0172,43
D0109,F0143,39
D0110,F0140,48
D0111,F0204,42
D0112,F0157,44
D0113,F0219,51
D0114,F0230,50
D0115,F0277,62
D0116,F0240,48
D0117,F0156,51
D0118,F0148,54
D0119,F0071,38
D0120,F0180,54
D0121,F0042,60
D0122,F0280,43
D0123,F0254,38
D0124,F0036,44
D0125,F0236,41
D0126,F0036,51
D0127,F0217,60
D0128,F0027,52
D0129,F0147,37
D0130,F0198,43
D0131,F0219,55
D0132,F0126,43
D0133,F0277,51
D0134,F0233,55
D0135,F0063,43
D0136,F0202,53
D0137,F0220,45
D0138,F0101,37
D0139,F0222,44
D0140,F0270,47
D0141,F0246,33
D0142,F0229,61
D0143,F0191,49
D0144,F0082,34
D0145,F0239,60
D0146,F0110,60
D0147,F0160,33
D0148,F0095,38
D0149,F0094,44
D0150,F0048,49
D0151,F0289,56
D0152,F0045,46
D0153,F0026,52
D0154,F0281,33
D0155,F0167,54
D0156,F0132,62
D0157,F0222,49
D0158,F0115,47
D0159,F0039,42
D0160,F0219,63
D0161,F0053,34
D0162,F0166,42
D0163,F0285,37
D0164,F0281,60
D0165,F0109,48
D0166,F0235,62
D0167,F0184,54
D0168,F0144,50
D0169,F0042,49
D0170,F0113,39
D0171,F0196,50
D0172,F0296,54
D0173,F0002,63
D0174,F0216,50
D0175,F0254,63
D0176,F0286,63
D0177,F0128,49
D0178,F0036,47
D0179,F0082,37
D0180,F0256,41
D0181,F0264,61
D0182,F0192,37
D0183,F0037,45
D0184,F0037,55
D0185,F0144,40
D0186,F0177,64
D0187,F0010,53
D0188,F0206,33
D0189,F0164,40
D0190,F0004,56
D0191,F0029,60
D0192,F0137,62
D0193,F0217,60
D0194,F0248,35
D0195,F0130,56
D0196,F0089,36
D0197,F0291,35
D0198,F0138,55
D0199,F0095,48
D0200,F0133,53
D0201,F0004,60
D0202,F0091,35
D0203,F0155,49
D0204,F0276,59
D0205,F0222,47
D0206,F0235,49
D0207,F0164,48
D0208,F0034,62
D0209,F0118,34
D0210,F0300,61
D0211,F0014,59
D0212,F0264,59
D0213,F0206,46
D0214,F0086,49
D0215,F0234,44
D0216,F0252,41
D0217,F0013,61
D0218,F0032,49
D0219,F0200,56
D0220,F0300,36
D0221,F0008,58
D0222,F0200,54
D0223,F0041,64
D0224,F0196,37
D0225,F0187,50
D0226,F0028,49
D0227,F0205,50
D0228,F0270,34
D0229,F0260,48
D0230,F0009,42
D0231,F0074,52
D0232,F0073,40
D0233,F0136,46
D0234,F0043,52
D0235,F0257,35
D0236,F0234,58
D0237,F0243,55
D0238,F0060,34
D0239,F0005,35
D0240,F0274,60
D0241,F0087,42
D0242,F0197,60
D0243,F0273,48
D0244,F0011,43
D0245,F0002,41
D0246,F0002,54
D0247,F0047,36
D0248,F0016,45
D0249,F0246,44
D0250,F0182,37
D0251,F0295,44
D0252,F0241,49
D0253,F0289,54
D0254,F0072,35
D0255,F0087,60
D0256,F0255,61
D0257,F0074,55
D0258,F0018,62
D0259,F0201,46
D0260,F0241,59
D0261,F0291,56
D0262,F0279,51
D0263,F0037,38
D0264,F0232,50
D0265,F0254,61
D0266,F0210,64
D0267,F0246,47
D0268,F0252,40
D0269,F0134,56
D0270,F0013,35
D0271,F0137,37
D0272,F0061,50
D0273,F0035,64
D0274,F0038,43
D0275,F0210,47
D0276,F0152,43
D0277,F0162,47
D0278,F0224,33
D0279,F0165,52
D0280,F0190,52
D0281,F0026,43
D0282,F0256,41
D0283,F0135,57
D0284,F0047,39
D0285,F0244,34
D0286,F0221,34
D0287,F0016,61
D0288,F0058,44
D0289,F0005,36
D0290,F0082,61
D0291,F0030,37
D0292,F0213,43
D0293,F0157,33
D0294,F0295,54
D0295,F0225,55
D0296,F0184,57
D0297,F0153,41
D0298,F0017,43
D0299,F0022,63
D0300,F0185,59
D0301,F0002,34
D0302,F0013,55
D0303,F0066,59
D0304,F0266,50
D0305,F0138,53
D0306,F0213,33
D0307,F0124,33
D0308,F0052,34
D0309,F0112,38
D0310,F0028,64
D0311,F0232,53
D0312,F0056,58
D0313,F0113,42
D0314,F0295,63
D0315,F0178,39
D0316,F0138,61
D0317,F0163,33
D0318,F0236,33
D0319,F0077,35
D0320,F0191,58
D0321,F0262,41
D0322,F0172,47
D0323,F0134,48
D0324,F0044,58
D0325,F0075,44
D0326,F0284,33
D0327,F0163,45
D0328,F0091,42
D0329,F0126,56
D0330,F0174,57
D0331,F0162,35
D0332,F0210,58
D0333,F0078,35
D0334,F0195,52
D0335,F0133,45
D0336,F0283,42
D0337,F0048,48
D0338,F0045,42
D0339,F0139,58
D0340,F0153,63
D0341,F0208,59
D0342,F0122,47
D0343,F0275,49
D0344,F0143,47
D0345,F0039,58
D0346,F0036,50
D0347,F0293,47
D0348,F0041,46
D0349,F0285,45
D0350,F0084,50
D0351,F0029,55
D0352,F0092,46
D0353,F0185,58
D0354,F0129,59
D0355,F0236,46
D0356,F0184,62
D0357,F0121,38
D0358,F0191,62
D0359,F0292,42
D0360,F0124,51
D0361,F0047,42
D0362,F0123,47
D0363,F0253,43
D0364,F0066,55
D0365,F0285,35
D0366,F0177,59
D0367,F0181,61
D0368,F0096,51
D0369,F0277,50
D0370,F0011,55
D0371,F0090,39
D0372,F0126,56
D0373,F0144,39
D0374,F0143,54
D0375,F0045,42
D0376,F0068,56
D0377,F0029,58
D0378,F0172,39
D0379,F0106,52
D0380,F0170,48
D0381,F0177,42
D0382,F0211,51
D0383,F0165,64
D0384,F0195,33
D0385,F0177,63
D0386,F0196,60
D0387,F0185,49
D0388,F0095,52
D0389,F0074,44
D0390,F0237,37
D0391,F0103,51
D0392,F0165,59
D0393,F0060,40
D0394,F0130,55
D0395,F0159,56
D0396,F0188,57
D0397,F0158,43
D0398,F0109,45
D0399,F0289,46
D0400,F0154,60
D0401,F0243,61
D0402,F0222,46
D0403,F0168,64
D0404,F0266,51
D0405,F0039,45
D0406,F0277,33
D0407,F0256,52
D0408,F0152,53
D0409,F0221,63
D0410,F0157,55
D0411,F0081,33
D0412,F0240,51
D0413,F0074,56
D0414,F0095,48
D0415,F0156,46
D0416,F0252,58
D0417,F0116,52
D0418,F0149,54
D0419,F0013,47
D0420,F0035,41
D0421,F0017,49
D0422,F0022,63
D0423,F0261,52
D0424,F0253,55
D0425,F0247,36
D0426,F0017,64
D0427,F0024,40
D0428,F0085,64
D0429,F0170,47
D0430,F0101,62
D0431,F0147,61
D0432,F0052,57
D0433,F0220,62
D0434,F0095,52
D0435,F0020,60
D0436,F0223,38
D0437,F0271,35
D0438,F0005,50
D0439,F0132,58
D0440,F0249,57
D0441,F0212,49
D0442,F0257,49
D0443,F0125,52
D0444,F0112,60
D0445,F0213,59
D0446,F0047,36
D0447,F0072,52
D0448,F0181,45
D0449,F0201,58
D0450,F0036,49
D0451,F0153,64
D0452,F0110,46
D0453,F0151,54
D0454,F0288,36
D0455,F0023,62
D0456,F0299,37
D0457,F0135,45
D0458,F0232,59
D0459,F0128,63
D0460,F0094,48
D0461,F0232,48
D0462,F0207,34
D0463,F0044,64
D0464,F0212,33
D0465,F0226,33
D0466,F0117,48
D0467,F0278,33
D0468,F0193,38
D0469,F0101,53
D0470,F0004,55
D0471,F0203,42
D0472,F0063,58
D0473,F0227,52
D0474,F0158,40
D0475,F0141,55
D0476,F0050,51
D0477,F0214,58
D0478,F0050,37
D0479,F0126,40
D0480,F0251,42
D0481,F0277,43
D0482,F0297,61
D0483,F0288,56
D0484,F0167,50
D0485,F0061,50
D0486,F0252,61
D0487,F0241,47
D0488,F0298,40
D0489,F0196,37
D0490,F0043,43
D0491,F0151,53
D0492,F0135,48
D0493,F0253,46
D0494,F0118,48
D0495,F0099,64
D0496,F0025,64
D0497,F0251,38
D0498,F0227,36
D0499,F0013,40
D0500,F0131,60
D0501,F0144,47
D0502,F0141,60
D0503,F0276,53
D0504,F0046,50
D0505,F0092,42
D0506,F0055,44
D0507,F0074,37
D0508,F0273,49
D0509,F0283,41
D0510,F0014,42
D0511,F0190,34
D0512,F0070,58
D0513,F0058,63
D0514,F0088,48
D0515,F0059,50
D0516,F0148,62
D0517,F0299,49
D0518,F0176,52
D0519,F0217,46
D0520,F0148,49
D0521,F0005,49
D0522,F0026,55
D0523,F0081,52
D0524,F0074,49
D0525,F0253,35
D0526,F0254,61
D0527,F0257,61
D0528,F0192,38
D0529,F0167,42
D0530,F0195,64
D0531,F0123,43
D0532,F0202,58
D0533,F0239,58
D0534,F0229,60
D0535,F0185,33
D0536,F0018,48
D0537,F0218,51
D0538,F0110,59
D0539,F0224,40
D0540,F0162,42
D0541,F0265,38
D0542,F0102,57
D0543,F0280,64
D0544,F0254,37
D0545,F0100,40
D0546,F0145,42
D0547,F0160,61
D0548,F0231,47
D0549,F0207,42
D0550,F0256,43
D0551,F0111,52
D0552,F0152,45
D0553,F0130,37
D0554,F0273,59
D0555,F0092,46
D0556,F0177,41
D0557,F0037,56
D0558,F0256,56
D0559,F0116,37
D0560,F0103,35
D0561,F0175,34
D0562,F0150,57
D0563,F0255,53
D0564,F0160,58
D0565,F0156,53
D0566,F0032,45
D0567,F0007,51
D0568,F0120,56
D0569,F0300,45
D0570,F0276,62
D0571,F0189,61
D0572,F0190,58
D0573,F0118,64
D0574,F0054,45
D0575,F0003,36
D0576,F0102,48
D0577,F0095,56
D0578,F0058,57
D0579,F0078,45
D0580,F0008,42
D0581,F0183,47
D0582,F0279,58
D0583,F0208,34
D0584,F0135,43
D0585,F0127,40
D0586,F0093,58
D0587,F0043,48
D0588,F0180,35
D0589,F0170,41
D0590,F0003,34
D0591,F0125,48
D0592,F0084,64
D0593,F0052,51
D0594,F0211,60
D0595,F0158,56
D0596,F0191,61
D0597,F0215,42
D0598,F0295,63
D0599,F0241,40
D0600,F0187,47
D0601,F0264,54
D0602,F0144,42
D0603,F0296,41
D0604,F0229,37
D0605,F0196,33
D0606,F0271,49
D0607,F0155,64
D0608,F0217,40
D0609,F0086,47
D0610,F0289,62
D0611,F0188,57
D0612,F0235,33
D0613,F0139,49
D0614,F0261,37
D0615,F0023,40
D0616,F0035,40
D0617,F0153,52
D0618,F0220,39
D0619,F0243,41
D0620,F0133,40
D0621,F0195,44
D0622,F0166,53
D0623,F0289,45
D0624,F0197,43
D0625,F0126,49
D0626,F0291,52
D0627,F0033,33
D0628,F0296,61
D0629,F0047,62
D0630,F0087,52
D0631,F0247,51
D0632,F0221,55
D0633,F0292,47
D0634,F0225,44
D0635,F0192,44
D0636,F0104,38
D0637,F0002,59
D0638,F0038,43
D0639,F0090,42
D0640,F0013,63
D0641,F0153,49
D0642,F0234,52
D0643,F0289,40
D0644,F0147,41
D0645,F0263,56
D0646,F0296,47
D0647,F0258,37
D0648,F0140,59
D0649,F0098,45
D0650,F0294,54
D0651,F0073,43
D0652,F0124,50
D0653,F0023,57
D0654,F0239,61
D0655,F0195,39
D0656,F0026,54
D0657,F0067,62
D0658,F0167,53
D0659,F0163,37
D0660,F0241,39
D0661,F0080,39
D0662,F0278,36
D0663,F0134,57
D0664,F0247,63
D0665,F0072,49
D0666,F0012,52
D0667,F0017,57
D0668,F0112,46
D0669,F0286,48
D0670,F0015,51
D0671,F0111,42
D0672,F0033,34
D0673,F0280,51
D0674,F0203,59
D0675,F0229,35
D0676,F0214,39
D0677,F0198,41
D0678,F0233,58
D0679,F0003,49
D0680,F0260,50
D0681,F0222,53
D0682,F0222,41
D0683,F0119,55
D0684,F0241,33
D0685,F0115,36
D0686,F0015,59
D0687,F0273,54
D0688,F0071,38
D0689,F0031,47
D0690,F0187,34
D0691,F0071,54
D0692,F0258,57
D0693,F0134,41
D0694,F0002,44
D0695,F0286,40
D0696,F0155,45
D0697,F0079,41
D0698,F0204,40
D0699,F0160,46
D0700,F0009,60
D0701,F0228,57
D0702,F0121,42
D0703,F0210,63
D0704,F0269,39
D0705,F0184,62
D0706,F0202,42
D0707,F0077,50
D0708,F0072,39
D0709,F0125,57
D0710,F0256,43
D0711,F0158,60
D0712,F0105,35
D0713,F0234,49
D0714,F0257,38
D0715,F0271,61
D0716,F0090,46
D0717,F0213,54
D0718,F0178,61
D0719,F0135,50
D0720,F0120,34
D0721,F0035,40
D0722,F0083,39
D0723,F0165,62
D0724,F0266,62
D0725,F0260,48
D0726,F0057,61
D0727,F0204,40
D0728,F0026,54
D0729,F0203,45
D0730,F0103,40
D0731,F0135,41
D0732,F0216,46
D0733,F0128,43
D0734,F0243,39
D0735,F0161,43
D0736,F0300,37
D0737,F0192,64
D0738,F0089,45
D0739,F0233,36
D0740,F0123,51
D0741,F0161,61
D0742,F0042,44
D0743,F0036,60
D0744,F0173,52
D0745,F0057,56
D0746,F0300,42
D0747,F0257,34
D0748,F0211,44
D0749,F0221,62
D0750,F0179,58
D0751,F0019,58
D0752,F0118,61
D0753,F0149,44
D0754,F0275,43
D0755,F0066,62
D0756,F0150,51
D0757,F0104,42
D0758,F0041,41
D0759,F0031,61
D0760,F0110,34
D0761,F0025,34
D0762,F0021,56
D0763,F0106,33
D0764,F0061,38
D0765,F0167,64
D0766,F0006,46
D0767,F0091,56
D0768,F0136,48
D0769,F0289,35
D0770,F0191,38
D0771,F0265,57
D0772,F0103,36
D0773,F0135,52
D0774,F0127,44
D0775,F0267,44
D0776,F0288,63
D0777,F0289,52
D0778,F0226,52
D0779,F0151,44
D0780,F0163,45
D0781,F0295,54
D0782,F0086,34
D0783,F0105,40
D0784,F0270,52
D0785,F0116,52
D0786,F0071,35
D0787,F0169,58
D0788,F0098,50
D0789,F0268,40
D0790,F0273,57
D0791,F0092,64
D0792,F0159,46
D0793,F0296,42
D0794,F0223,42
D0795,F0065,51
D0796,F0178,34
D0797,F0186,48
D0798,F0197,33
D0799,F0008,34
D0800,F0090,46
D0801,F0257,56
D0802,F0073,61
D0803,F0090,35
D0804,F0097,40
D0805,F0054,46
D0806,F0047,51
D0807,F0105,64
D0808,F0263,54
D0809,F0001,50
D0810,F0085,34
D0811,F0019,35
D0812,F0169,37
D0813,F0076,54
D0814,F0238,43
D0815,F0176,40
D0816,F0236,54
D0817,F0191,59
D0818,F0132,47
D0819,F0259,61
D0820,F0143,56
D0821,F0285,55
D0822,F0299,60
D0823,F0177,38
D0824,F0203,57
D0825,F0077,63
D0826,F0245,64
D0827,F0202,51
D0828,F0271,57
D0829,F0081,61
D0830,F0237,60
D0831,F0142,61
D0832,F0056,59
D0833,F0052,45
D0834,F0169,56
D0835,F0096,46
D0836,F0031,58
D0837,F0129,58
D0838,F0196,62
D0839,F0096,51
D0840,F0287,48
D0841,F0234,38
D0842,F0154,53
D0843,F0281,51
D0844,F0130,49
D0845,F0042,54
D0846,F0011,60
D0847,F0282,37
D0848,F0288,46
D0849,F0222,56
D0850,F0031,59
D0851,F0089,57
D0852,F0013,58
D0853,F0016,60
D0854,F0074,63
D0855,F0172,52
D0856,F0020,40
D0857,F0296,51
D0858,F0137,55
D0859,F0080,36
D0860,F0155,57
D0861,F0238,50
D0862,F0094,62
D0863,F0015,39
D0864,F0016,62
D0865,F0256,47
D0866,F0034,51
D0867,F0191,54
D0868,F0116,51
D0869,F0234,61
D0870,F0019,38
D0871,F0270,56
D0872,F0210,64
D0873,F0135,40
D0874,F0063,41
D0875,F0294,48
D0876,F0091,56
D0877,F0148,63
D0878,F0119,58
D0879,F0070,58
D0880,F0125,47
D0881,F0046,53
D0882,F0001,39
D0883,F0087,47
D0884,F0034,39
D0885,F0125,33
D0886,F0259,60
D0887,F0049,58
D0888,F0001,49
D0889,F0034,33
D0890,F0153,35
D0891,F0083,36
D0892,F0147,55
D0893,F0009,39
D0894,F0100,41
D0895,F0124,60
D0896,F0130,61
D0897,F0166,57
D0898,F0235,42
D0899,F0141,51
D0900,F0253,39
D0901,F0159,60
D0902,F0079,35
D0903,F0069,56
D0904,F0097,49
D0905,F0180,57
D0906,F0073,47
D0907,F0275,38
D0908,F0144,57
D0909,F0259,53
D0910,F0205,47
D0911,F0101,44
D0912,F0069,44
D0913,F0224,48
D0914,F0100,41
D0915,F0075,42
D0916,F0280,41
D0917,F0145,33
D0918,F0015,62
D0919,F0149,40
D0920,F0139,38
D0921,F0260,37
D0922,F0214,64
D0923,F0058,48
D0924,F0046,43
D0925,F0182,45
D0926,F0015,35
D0927,F0096,43
D0928,F0042,40
D0929,F0007,58
D0930,F0276,34
D0931,F0027,46
D0932,F0003,58
D0933,F0280,59
D0934,F0057,49
D0935,F0245,40
D0936,F0010,43
D0937,F0047,40
D0938,F0034,54
D0939,F0212,42
D0940,F0187,53
D0941,F0143,53
D0942,F0073,63
D0943,F0027,44
D0944,F0171,63
D0945,F0070,45
D0946,F0178,54
D0947,F0207,54
D0948,F0255,59
D0949,F0149,48
D0950,F0002,58
D0951,F0085,44
D0952,F0257,48
D0953,F0160,48
D0954,F0186,55
D0955,F0138,52
D0956,F0049,35
D0957,F0270,58
D0958,F0232,57
D0959,F0299,36
D0960,F0257,63
D0961,F0088,54
D0962,F0077,35
D0963,F0075,48
D0964,F0276,59
D0965,F0168,41
D0966,F0137,62
D0967,F0291,46
D0968,F0182,40
D0969,F0273,44
D0970,F0296,49
D0971,F0024,55
D0972,F0109,62
D0973,F0221,39
D0974,F0244,63
D0975,F0045,49
D0976,F0096,37
D0977,F0165,62
D0978,F0240,44
D0979,F0034,52
D0980,F0181,55
D0981,F0089,33
D0982,F0065,40
D0983,F0155,54
D0984,F0125,43
D0985,F0191,33
D0986,F0096,33
D0987,F0247,59
D0988,F0024,37
D0989,F0259,36
D0990,F0009,50
D0991,F0221,36
D0992,F0104,53
D0993,F0116,50
D0994,F0006,53
D0995,F0211,48
D0996,F0050,57
D0997,F0198,53
D0998,F0218,46
D0999,F0254,33
D1000,F0213,41
D1001,F0091,37
D1002,F0222,33
D1003,F0248,41
D1004,F0096,39
D1005,F0038,35
D1006,F0268,42
D1007,F0045,49
D1008,F0179,38
D1009,F0071,41
D1010,F0038,33
D1011,F0233,34
D1012,F0044,38
D1013,F0202,47
D1014,F0208,54
D1015,F0019,58
D1016,F0052,53
D1017,F0239,52
D1018,F0153,62
D1019,F0037,41
D1020,F0298,58
D1021,F0080,62
D1022,F0002,51
D1023,F0278,59
D1024,F0005,37
D1025,F0167,61
D1026,F0298,51
D1027,F0174,40
D1028,F0176,34
D1029,F0117,56
D1030,F0039,46
D1031,F0172,42
D1032,F0270,45
D1033,F0028,64
D1034,F0265,46
D1035,F0125,35
D1036,F0161,41
D1037,F0050,37
D1038,F0187,54
D1039,F0055,58
D1040,F0082,59
D1041,F0217,53
D1042,F0016,57
D1043,F0135,46
D1044,F0179,53
D1045,F0040,36
D1046,F0089,50
D1047,F0104,50
D1048,F0200,33
D1049,F0294,50
D1050,F0251,56
D1051,F0057,44
D1052,F0006,50
D1053,F0016,42
D1054,F0179,41
D1055,F0047,37
D1056,F0070,43
D1057,F0255,58
D1058,F0263,62
D1059,F0252,53
D1060,F0077,52
D1061,F0186,52
D1062,F0184,48
D1063,F0056,46
D1064,F0167,52
D1065,F0158,58
D1066,F0119,46
D1067,F0226,51
D1068,F0204,48
D1069,F0160,42
D1070,F0218,42
D1071,F0229,35
D1072,F0171,47
D1073,F0081,55
D1074,F0228,54
D1075,F0216,64
D1076,F0296,34
D1077,F0045,57
D1078,F0126,58
D1079,F0278,46
D1080,F0155,42
D1081,F0283,44
D1082,F0004,54
D1083,F0011,60
D1084,F0239,53
D1085,F0108,49
D1086,F0157,53
D1087,F0129,35
D1088,F0123,52
D1089,F0282,34
D1090,F0029,63
D1091,F0232,61
D1092,F0267,49
D1093,F0198,44
D1094,F0119,56
D1095,F0049,53
D1096,F0205,55
D1097,F0141,49
D1098,F0045,40
D1099,F0108,35
D1100,F0289,42
D1101,F0080,49
D1102,F0054,46
D1103,F0205,49
D1104,F0060,41
D1105,F0276,63
D1106,F0258,44
D1107,F0296,60
D1108,F0274,45
D1109,F0074,47
D1110,F0064,52
D1111,F0103,41
D1112,F0141,40
D1113,F0264,45
D1114,F0221,58
D1115,F0194,37
D1116,F0264,47
D1117,F0194,54
D1118,F0114,55
D1119,F0124,46
D1120,F0156,35
D1121,F0027,33
D1122,F0223,48
D1123,F0196,58
D1124,F0220,33
D1125,F0161,61
D1126,F0235,54
D1127,F0285,33
D1128,F0171,43
D1129,F0134,40
D1130,F0032,63
D1131,F0234,50
D1132,F0272,43
D1133,F0210,41
D1134,F0260,51
D1135,F0259,33
D1136,F0240,41
D1137,F0151,38
D1138,F0030,52
D1139,F0001,54
D1140,F0062,47
D1141,F0130,37
D1142,F0224,44
D1143,F0137,59
D1144,F0007,39
D1145,F0064,38
D1146,F0294,36
D1147,F0297,59
D1148,F0114,36
D1149,F0242,51
D1150,F0216,64
D1151,F0280,53
D1152,F0267,46
D1153,F0189,39
D1154,F0119,33
D1155,F0188,37
D1156,F0096,63
D1157,F0105,37
D1158,F0183,33
D1159,F0172,59
D1160,F0175,46
D1161,F0116,44
D1162,F0123,55
D1163,F0004,49
D1164,F0181,62
D1165,F0173,47
D1166,F0281,55
D1167,F0152,61
D1168,F0141,47
D1169,F0021,42
D1170,F0060,64
D1171,F0102,40
D1172,F0114,34
D1173,F0109,51
D1174,F0119,64
D1175,F0231,35
D1176,F0040,60
D1177,F0100,59
D1178,F0049,62
D1179,F0093,46
D1180,F0206,41
D1181,F0015,49
D1182,F0102,37
D1183,F0008,59
D1184,F0287,54
D1185,F0219,48
D1186,F0074,49
D1187,F0060,55
D1188,F0030,49
D1189,F0142,59
D1190,F0227,62
D1191,F0176,63
D1192,F0265,52
D1193,F0104,56
D1194,F0084,42
D1195,F0144,34
D1196,F0061,45
D1197,F0293,60
D1198,F0056,37
D1199,F0144,50
D1200,F0157,39
D1201,F0018,46
D1202,F0141,37
D1203,F0137,56
D1204,F0078,58
D1205,F0039,57
D1206,F0014,55
D1207,F0003,40
D1208,F0145,49
D1209,F0027,36
D1210,F0288,44
D1211,F0074,49
D1212,F0196,54
D1213,F0203,36
D1214,F0149,59
D1215,F0266,47
D1216,F0034,61
D1217,F0071,49
D1218,F0076,50
D1219,F0041,55
D1220,F0089,59
D1221,F0094,38
D1222,F0230,49
D1223,F0091,33
D1224,F0264,48
D1225,F0232,59
D1226,F0271,60
D1227,F0032,42
D1228,F0296,45
D1229,F0185,50
D1230,F0295,45
D1231,F0107,38
D1232,F0286,42
D1233,F0177,45
D1234,F0022,49
D1235,F0124,62
D1236,F0042,50
D1237,F0283,45
D1238,F0092,54
D1239,F0067,57
D1240,F0166,46
D1241,F0128,48
D1242,F0030,39
D1243,F0245,60
D1244,F0254,60
D1245,F0223,38
D1246,F0186,44
D1247,F0121,41
D1248,F0163,62
D1249,F0157,35
D1250,F0050,39
D1251,F0025,43
D1252,F0076,50
D1253,F0137,40
D1254,F0049,50
D1255,F0033,56
D1256,F0256,59
D1257,F0113,36
D1258,F0176,37
D1259,F0158,36
D1260,F0221,62
D1261,F0222,53
D1262,F0089,50
D1263,F0255,58
D1264,F0112,51
D1265,F0251,40
D1266,F0122,49
D1267,F0034,55
D1268,F0229,34
D1269,F0010,52
D1270,F0232,48
D1271,F0013,35
D1272,F0063,41
D1273,F0182,47
D1274,F0283,43
D1275,F0123,42
D1276,F0037,53
D1277,F0070,45
D1278,F0269,48
D1279,F0219,58
D1280,F0031,35
D1281,F0116,44
D1282,F0080,35
D1283,F0054,62
D1284,F0254,38
D1285,F0186,59
D1286,F0054,39
D1287,F0196,43
D1288,F0125,52
D1289,F0019,59
D1290,F0135,38
D1291,F0056,39
D1292,F0074,61
D1293,F0264,43
D1294,F0214,39
D1295,F0041,56
D1296,F0256,35
D1297,F0173,60
D1298,F0263,61
D1299,F0225,60
D1300,F0102,42
D1301,F0161,36
D1302,F0160,46
D1303,F0216,43
D1304,F0075,63
D1305,F0100,53
D1306,F0074,63
D1307,F0089,57
D1308,F0049,55
D1309,F0011,36
D1310,F0283,35
D1311,F0023,34
D1312,F0267,51
D1313,F0001,39
D1314,F0234,64
D1315,F0099,37
D1316,F0156,63
D1317,F0085,54
D1318,F0148,36
D1319,F0136,34
D1320,F0159,45
D1321,F0118,43
D1322,F0161,43
D1323,F0248,49
D1324,F0131,37
D1325,F0109,37
D1326,F0040,55
D1327,F0108,64
D1328,F0038,41
D1329,F0055,62
D1330,F0286,44
D1331,F0027,43
D1332,F0145,35
D1333,F0251,46
D1334,F0286,48
D1335,F0045,54
D1336,F0050,38
D1337,F0112,39
D1338,F0167,46
D1339,F0288,35
D1340,F0063,37
D1341,F0050,53
D1342,F0076,63
D1343,F0263,51
D1344,F0010,37
D1345,F0115,64
D1346,F0036,49
D1347,F0048,55
D1348,F0276,39
D1349,F0001,51
D1350,F0097,35
D1351,F0275,53
D1352,F0183,39
D1353,F0022,62
D1354,F0140,34
D1355,F0292,53
D1356,F0121,37
D1357,F0159,54
D1358,F0160,48
D1359,F0199,63
D1360,F0057,53
D1361,F0252,44
D1362,F0297,35
D1363,F0043,52
D1364,F0246,47
D1365,F0246,34
D1366,F0223,51
D1367,F0112,39
D1368,F0141,40
D1369,F0252,33
D1370,F0046,44
D1371,F0249,39
D1372,F0277,35
D1373,F0205,46
D1374,F0103,40
D1375,F0168,37
D1376,F0016,47
D1377,F0280,35
D1378,F0103,64
D1379,F0018,48
D1380,F0239,64
D1381,F0198,61
D1382,F0187,64
D1383,F0017,50
D1384,F0226,46
D1385,F0192,56
D1386,F0239,35
D1387,F0249,59
D1388,F0064,43
D1389,F0064,33
D1390,F0278,40
D1391,F0160,40
D1392,F0132,33
D1393,F0087,54
D1394,F0192,36
D1395,F0227,60
D1396,F0001,47
D1397,F0166,55
D1398,F0299,43
D1399,F0085,37
D1400,F0085,38
D1401,F0264,53
D1402,F0019,55
D1403,F0120,41
D1404,F0138,44
D1405,F0240,63
D1406,F0039,60
D1407,F0131,46
D1408,F0046,40
D1409,F0237,42
D1410,F0190,50
D1411,F0150,51
D1412,F0118,38
D1413,F0046,35
D1414,F0277,48
D1415,F0195,58
D1416,F0096,37
D1417,F0125,46
D1418,F0218,38
D1419,F0216,40
D1420,F0139,52
D1421,F0091,42
D1422,F0198,41
D1423,F0198,64
D1424,F0180,38
D1425,F0022,39
D1426,F0142,62
D1427,F0185,50
D1428,F0286,34
D1429,F0158,46
D1430,F0103,51
D1431,F0167,41
D1432,F0054,50
D1433,F0028,53
D1434,F0204,41
D1435,F0296,58
D1436,F0254,47
D1437,F0176,63
D1438,F0013,35
D1439,F0297,43
D1440,F0135,56
D1441,F0087,61
D1442,F0268,40
D1443,F0224,64
D1444,F0225,39
D1445,F0084,46
D1446,F0298,43
D1447,F0136,46
D1448,F0160,61
D1449,F0226,56
D1450,F0198,58
D1451,F0052,41
D1452,F0091,63
D1453,F0109,46
D1454,F0285,53
D1455,F0215,55
D1456,F0110,54
D1457,F0221,52
D1458,F0222,48
D1459,F0119,53
D1460,F0121,61
D1461,F0269,45
D1462,F0169,49
D1463,F0045,38
D1464,F0216,44
D1465,F0177,57
D1466,F0153,53
D1467,F0218,39
D1468,F0273,50
D1469,F0100,58
D1470,F0126,36
D1471,F0057,34
D1472,F0195,45
D1473,F0121,54
D1474,F0103,43
D1475,F0209,59
D1476,F0123,60
D1477,F0140,50
D1478,F0133,45
D1479,F0078,34
D1480,F0038,59
D1481,F0249,61
D1482,F0028,47
D1483,F0098,49
D1484,F0201,57
D1485,F0040,55
D1486,F0197,37
D1487,F0220,54
D1488,F0199,62
D1489,F0092,57
D1490,F0006,48
D1491,F0267,49
D1492,F0098,41
D1493,F0242,54
D1494,F0060,40
D1495,F0049,43
D1496,F0234,41
D1497,F0282,43
D1498,F0259,44
D1499,F0226,35
D1500,F0075,55
D1501,F0274,47
D1502,F0201,63
D1503,F0052,38
D1504,F0039,54
D1505,F0262,38
D1506,F0083,50
D1507,F0230,48
D1508,F0042,47
D1509,F0085,53
D1510,F0086,59
D1511,F0085,43
D1512,F0203,60
D1513,F0275,38
D1514,F0274,42
D1515,F0223,42
D1516,F0061,63
D1517,F0289,36
D1518,F0163,45
D1519,F0164,46
D1520,F0211,58
D1521,F0231,48
D1522,F0286,63
D1523,F0175,56
D1524,F0184,55
D1525,F0224,57
D1526,F0077,38
D1527,F0093,47
D1528,F0188,51
D1529,F0020,39
D1530,F0097,36
D1531,F0216,37
D1532,F0293,58
D1533,F0156,54
D1534,F0120,42
D1535,F0133,56
D1536,F0206,55
D1537,F0164,59
D1538,F0007,62
D1539,F0162,61
D1540,F0121,38
D1541,F0211,57
D1542,F0263,45
D1543,F0289,45
D1544,F0184,53
D1545,F0109,52
D1546,F0134,46
D1547,F0053,64
D1548,F0281,38
D1549,F0255,36
D1550,F0257,33
D1551,F0099,59
D1552,F0097,46
D1553,F0257,46
D1554,F0164,53
D1555,F0212,46
D1556,F0147,51
D1557,F0133,34
D1558,F0190,37
D1559,F0244,62
D1560,F0101,47
D1561,F0243,38
D1562,F0074,44
D1563,F0121,43
D1564,F0274,41
D1565,F0287,42
D1566,F0278,56
D1567,F0095,36
D1568,F0253,42
D1569,F0281,47
D1570,F0294,50
D1571,F0007,61
D1572,F0224,62
D1573,F0300,42
D1574,F0230,50
D1575,F0070,33
D1576,F0229,52
D1577,F0032,37
D1578,F0145,35
D1579,F0188,54
D1580,F0137,38
D1581,F0210,48
D1582,F0073,36
D1583,F0182,56
D1584,F0194,57
D1585,F0191,51
D1586,F0087,59
D1587,F0092,46
D1588,F0078,38
D1589,F0139,37
D1590,F0176,40
D1591,F0109,39
D1592,F0123,43
D1593,F0086,39
D1594,F0066,51
D1595,F0198,37
D1596,F0245,52
D1597,F0088,43
D1598,F0259,54
D1599,F0172,49
D1600,F0051,61
D1601,F0110,47
D1602,F0003,42
D1603,F0012,51
D1604,F0101,54
D1605,F0137,47
D1606,F0240,50
D1607,F0041,48
D1608,F0252,42
D1609,F0071,43
D1610,F0042,62
D1611,F0210,54
D1612,F0233,36
D1613,F0182,63
D1614,F0035,55
D1615,F0035,34
D1616,F0118,56
D1617,F0136,51
D1618,F0300,62
D1619,F0086,48
D1620,F0058,49
D1621,F0284,43
D1622,F0047,43
D1623,F0008,52
D1624,F0127,59
D1625,F0121,61
D1626,F0186,57
D1627,F0264,52
D1628,F0280,49
D1629,F0087,43
D1630,F0295,57
D1631,F0190,43
D1632,F0021,41
D1633,F0282,60
D1634,F0042,51
D1635,F0177,44
D1636,F0238,60
D1637,F0075,63
D1638,F0082,43
D1639,F0143,49
D1640,F0266,48
D1641,F0068,55
D1642,F0200,63
D1643,F0136,50
D1644,F0034,58
D1645,F0214,52
D1646,F0250,61
D1647,F0173,45
D1648,F0053,45
D1649,F0047,46
D1650,F0128,64
D1651,F0152,52
D1652,F0166,37
D1653,F0074,34
D1654,F0151,49
D1655,F0089,58
D1656,F0206,48
D1657,F0239,50
D1658,F0196,58
D1659,F0001,49
D1660,F0298,62
D1661,F0008,53
D1662,F0300,56
D1663,F0010,58
D1664,F0155,53
D1665,F0032,34
D1666,F0029,46
D1667,F0206,37
D1668,F0219,49
D1669,F0036,37
D1670,F0293,49
D1671,F0097,44
D1672,F0096,33
D1673,F0090,36
D1674,F0139,49
D1675,F0054,35
D1676,F0128,60
D1677,F0063,57
D1678,F0016,55
D1679,F0111,38
D1680,F0202,58
D1681,F0229,53
D1682,F0107,45
D1683,F0098,33
D1684,F0237,49
D1685,F0205,58
D1686,F0250,34
D1687,F0272,34
D1688,F0247,45
D1689,F0281,49
D1690,F0125,48
D1691,F0119,46
D1692,F0097,41
D1693,F0071,34
D1694,F0225,33
D1695,F0215,36
D1696,F0241,55
D1697,F0051,58
D1698,F0148,46
D1699,F0067,35
D1700,F0268,46
D1701,F0081,64
D1702,F0044,40
D1703,F0171,48
D1704,F0264,50
D1705,F0275,43
D1706,F0029,47
D1707,F0098,48
D1708,F0047,48
D1709,F0093,55
D1710,F0161,51
D1711,F0085,34
D1712,F0021,33
D1713,F0154,46
D1714,F0016,62
D1715,F0069,34
D1716,F0001,35
D1717,F0027,54
D1718,F0131,47
D1719,F0256,40
D1720,F0233,39
D1721,F0030,54
D1722,F0011,49
D1723,F0102,53
D1724,F0196,41
D1725,F0225,49
D1726,F0247,60
D1727,F0103,43
D1728,F0051,45
D1729,F0008,38
D1730,F0045,53
D1731,F0020,34
D1732,F0259,40
D1733,F0081,55
D1734,F0247,33
D1735,F0166,64
D1736,F0162,45
D1737,F0137,45
D1738,F0246,50
D1739,F0014,53
D1740,F0028,47
D1741,F0128,61
D1742,F0119,63
D1743,F0164,39
D1744,F0222,55
D1745,F0177,42
D1746,F0078,64
D1747,F0099,41
D1748,F0226,42
D1749,F0061,55
D1750,F0152,58
D1751,F0162,37
D1752,F0226,50
D1753,F0215,44
D1754,F0140,52
D1755,F0093,50
D1756,F0111,64
D1757,F0124,62
D1758,F0066,53
D1759,F0188,54
D1760,F0063,61
D1761,F0195,38
D1762,F0226,56
D1763,F0289,57
D1764,F0036,37
D1765,F0228,61
D1766,F0026,55
D1767,F0102,44
D1768,F0053,48
D1769,F0049,48
D1770,F0053,62
D1771,F0014,64
D1772,F0247,58
D1773,F0019,53
D1774,F0120,36
D1775,F0210,62
D1776,F0298,37
D1777,F0257,38
D1778,F0042,35
D1779,F0297,63
D1780,F0197,48
D1781,F0054,40
D1782,F0135,35
D1783,F0276,46
D1784,F0118,56
D1785,F0056,64
D1786,F0263,50
D1787,F0286,52
D1788,F0293,59
D1789,F0287,61
D1790,F0262,41
D1791,F0137,64
D1792,F0058,49
D1793,F0186,62
D1794,F0067,36
D1795,F0142,36
D1796,F0197,61
D1797,F0284,54
D1798,F0087,38
D1799,F0076,61
D1800,F0221,36
D1801,F0002,54
D1802,F0170,39
D1803,F0224,35
D1804,F0166,58
D1805,F0116,60
D1806,F0249,36
D1807,F0112,35
D1808,F0214,52
D1809,F0140,33
D1810,F0008,56
D1811,F0160,62
D1812,F0015,57
D1813,F0280,40
D1814,F0181,39
D1815,F0112,54
D1816,F0146,34
D1817,F0186,50
D1818,F0079,47
D1819,F0087,56
D1820,F0126,39
D1821,F0078,57
D1822,F0228,55
D1823,F0032,40
D1824,F0248,44
D1825,F0105,35
D1826,F0169,47
D1827,F0048,41
D1828,F0116,36
D1829,F0227,50
D1830,F0082,51
D1831,F0040,35
D1832,F0157,38
D1833,F0049,35
D1834,F0095,54
D1835,F0136,43
D1836,F0170,35
D1837,F0192,39
D1838,F0203,64
D1839,F0254,41
D1840,F0020,54
D1841,F0109,47
D1842,F0001,38
D1843,F0003,42
D1844,F0064,33
D1845,F0180,56
D1846,F0269,43
D1847,F0233,48
D1848,F0194,37
D1849,F0234,59
D1850,F0052,39
D1851,F0252,51
D1852,F0268,60
D1853,F0029,55
D1854,F0141,52
D1855,F0250,61
D1856,F0143,38
D1857,F0253,63
D1858,F0281,50
D1859,F0143,46
D1860,F0018,41
D1861,F0103,56
D1862,F0065,64
D1863,F0143,55
D1864,F0176,34
D1865,F0140,48
D1866,F0059,56
D1867,F0091,45
D1868,F0204,57
D1869,F0009,55
D1870,F0065,35
D1871,F0268,50
D1872,F0030,38
D1873,F0125,48
D1874,F0063,45
D1875,F0032,58
D1876,F0127,60
D1877,F0157,47
D1878,F0053,50
D1879,F0024,53
D1880,F0041,53
D1881,F0196,53
D1882,F0259,58
D1883,F0055,64
D1884,F0097,59
D1885,F0104,37
D1886,F0109,48
D1887,F0074,47
D1888,F0017,49
D1889,F0158,49
D1890,F0108,55
D1891,F0103,46
D1892,F0080,41
D1893,F0279,47
D1894,F0184,60
D1895,F0126,42
D1896,F0062,33
D1897,F0241,64
D1898,F0267,39
D1899,F0010,52
D1900,F0279,58
D1901,F0210,41
D1902,F0030,43
D1903,F0226,41
D1904,F0033,37
D1905,F0016,37
D1906,F0035,38
D1907,F0138,47
D1908,F0186,49
D1909,F0123,33
D1910,F0037,60
D1911,F0060,54
D1912,F0256,35
D1913,F0289,59
D1914,F0227,33
D1915,F0032,50
D1916,F0246,47
D1917,F0208,49
D1918,F0158,63
D1919,F0043,62
D1920,F0300,41
D1921,F0133,51
D1922,F0014,63
D1923,F0063,56
D1924,F0121,61
D1925,F0019,46
D1926,F0098,42
D1927,F0141,49
D1928,F0285,59
D1929,F0026,62
D1930,F0174,54
D1931,F0275,55
D1932,F0242,49
D1933,F0278,43
D1934,F0052,46
D1935,F0241,48
D1936,F0294,59
D1937,F0098,50
D1938,F0150,58
D1939,F0160,33
D1940,F0149,57
D1941,F0087,49
D1942,F0292,64
D1943,F0287,48
D1944,F0115,48
D1945,F0242,37
D1946,F0120,58
D1947,F0239,55
D1948,F0176,60
D1949,F0142,35
D1950,F0039,39
D1951,F0197,61
D1952,F0097,34
D1953,F0066,49
D1954,F0058,45
D1955,F0295,63
D1956,F0031,60
D1957,F0240,61
D1958,F0260,42
D1959,F0010,51
D1960,F0177,55
D1961,F0174,63
D1962,F0108,33
D1963,F0201,64
D1964,F0123,44
D1965,F0132,37
D1966,F0130,52
D1967,F0241,58
D1968,F0190,37
D1969,F0114,34
D1970,F0279,61
D1971,F0241,62
D1972,F0280,38
D1973,F0220,61
D1974,F0118,62
D1975,F0232,64
D1976,F0099,39
D1977,F0082,51
D1978,F0136,64
D1979,F0291,61
D1980,F0171,52
D1981,F0116,39
D1982,F0139,35
D1983,F0088,41
D1984,F0198,35
D1985,F0106,39
D1986,F0167,35
D1987,F0111,57
D1988,F0097,51
D1989,F0292,49
D1990,F0104,58
D1991,F0022,46
D1992,F0114,45
D1993,F0160,39
D1994,F0029,47
D1995,F0092,38
D1996,F0050,51
D1997,F0151,64
D1998,F0217,50
D1999,F0291,42
D2000,F0117,55
D2001,F0259,59
D2002,F0065,48
D2003,F0235,41
D2004,F0169,55
D2005,F0228,38
D2006,F0227,64
D2007,F0160,43
D2008,F0078,44
D2009,F0158,56
D2010,F0249,33
D2011,F0292,39
D2012,F0279,37
D2013,F0055,45
D2014,F0180,50
D2015,F0032,38
D2016,F0201,44
D2017,F0298,57
D2018,F0016,63
D2019,F0197,33
D2020,F0284,53
D2021,F0255,33
D2022,F0118,49
D2023,F0032,61
D2024,F0278,58
D2025,F0277,40
D2026,F0174,41
D2027,F0294,58
D2028,F0002,59
D2029,F0185,41
D2030,F0012,33
D2031,F0281,47
D2032,F0205,52
D2033,F0275,47
D2034,F0169,62
D2035,F0025,59
D2036,F0008,58
D2037,F0101,33
D2038,F0224,60
D2039,F0046,57
D2040,F0256,45
D2041,F0072,51
D2042,F0149,59
D2043,F0061,61
D2044,F0140,50
D2045,F0136,34
D2046,F0002,52
D2047,F0171,54
D2048,F0236,34
D2049,F0281,59
D2050,F0100,39
D2051,F0265,61
D2052,F0264,50
D2053,F0297,43
D2054,F0112,34
D2055,F0256,33
D2056,F0170,56
D2057,F0018,45
D2058,F0082,59
D2059,F0202,40
D2060,F0049,62
D2061,F0131,63
D2062,F0233,36
D2063,F0045,53
D2064,F0149,63
D2065,F0065,43
D2066,F0161,35
D2067,F0073,61
D2068,F0290,48
D2069,F0024,33
D2070,F0290,59
D2071,F0238,54
D2072,F0257,35
D2073,F0256,41
D2074,F0057,33
D2075,F0280,63
D2076,F0179,33
D2077,F0289,58
D2078,F0264,49
D2079,F0174,51
D2080,F0113,58
D2081,F0036,61
D2082,F0031,37
D2083,F0117,33
D2084,F0244,36
D2085,F0152,54
D2086,F0145,51
D2087,F0074,35
D2088,F0170,40
D2089,F0192,50
D2090,F0295,56
D2091,F0219,43
D2092,F0183,63
D2093,F0274,64
D2094,F0128,57
D2095,F0281,47
D2096,F0111,61
D2097,F0039,56
D2098,F0126,49
D2099,F0039,47
D2100,F0036,59
D2101,F0265,50
D2102,F0239,38
D2103,F0067,64
D2104,F0252,35
D2105,F0021,55
D2106,F0086,53
D2107,F0212,51
D2108,F0092,34
D2109,F0220,48
D2110,F0263,61
D2111,F0020,40
D2112,F0008,55
D2113,F0283,60
D2114,F0157,63
D2115,F0152,49
D2116,F0140,43
D2117,F0131,55
D2118,F0208,48
D2119,F0174,53
D2120,F0050,56
D2121,F0188,55
D2122,F0201,40
D2123,F0035,57
D2124,F0114,50
D2125,F0238,62
D2126,F0186,54
D2127,F0041,61
D2128,F0013,64
D2129,F0175,64
D2130,F0139,56
D2131,F0289,52
D2132,F0157,36
D2133,F0280,45
D2134,F0065,48
D2135,F0135,57
D2136,F0042,51
D2137,F0173,47
D2138,F0057,37
D2139,F0148,55
D2140,F0104,46
D2141,F0056,34
D2142,F0030,42
D2143,F0154,61
D2144,F0285,36
D2145,F0060,45
D2146,F0122,49
D2147,F0068,35
D2148,F0243,38
D2149,F0125,63
D2150,F0293,51
D2151,F0074,39
D2152,F0025,38
D2153,F0175,46
D2154,F0196,56
D2155,F0298,56
D2156,F0262,39
D2157,F0266,56
D2158,F0191,61
D2159,F0108,40
D2160,F0129,33
D2161,F0041,63
D2162,F0130,49
D2163,F0110,57
D2164,F0011,43
D2165,F0062,42
D2166,F0161,40
D2167,F0111,39
D2168,F0299,48
D2169,F0144,36
D2170,F0288,59
D2171,F0199,49
D2172,F0013,62
D2173,F0062,49
D2174,F0212,42
D2175,F0164,49
D2176,F0091,37
D2177,F0157,59
D2178,F0271,56
D2179,F0117,37
D2180,F0014,51
D2181,F0094,50
D2182,F0281,39
D2183,F0229,36
D2184,F0252,57
D2185,F0274,41
D2186,F0036,49
D2187,F0085,40
D2188,F0018,53
D2189,F0002,34
D2190,F0251,44
D2191,F0282,50
D2192,F0047,47
D2193,F0217,52
D2194,F0161,38
D2195,F0021,47
D2196,F0275,57
D2197,F0262,43
D2198,F0171,38
D2199,F0213,60
D2200,F0120,57
D2201,F0238,54
D2202,F0134,58
D2203,F0297,57
D2204,F0019,56
D2205,F0052,49
D2206,F0291,33
D2207,F0087,52
D2208,F0094,41
D2209,F0238,57
D2210,F0057,47
D2211,F0155,61
D2212,F0086,52
D2213,F0060,50
D2214,F0290,62
D2215,F0060,48
D2216,F0029,45
D2217,F0203,44
D2218,F0261,61
D2219,F0039,57
D2220,F0213,38
D2221,F0163,48
D2222,F0250,44
D2223,F0039,53
D2224,F0293,34
D2225,F0186,55
D2226,F0253,56
D2227,F0109,40
D2228,F0284,37
D2229,F0188,53
D2230,F0039,41
D2231,F0277,63
D2232,F0239,57
D2233,F0091,63
D2234,F0164,50
D2235,F0117,63
D2236,F0164,33
D2237,F0290,42
D2238,F0270,33
D2239,F0065,54
D2240,F0292,49
D2241,F0132,42
D2242,F0212,42
D2243,F0230,53
D2244,F0145,38
D2245,F0137,49
D2246,F0137,52
D2247,F0259,40
D2248,F0116,40
D2249,F0084,44
D2250,F0109,51
D2251,F0059,41
D2252,F0118,45
D2253,F0035,50
D2254,F0027,38
D2255,F0218,51
D2256,F0024,37
D2257,F0171,37
D2258,F0234,40
D2259,F0218,42
D2260,F0134,33
D2261,F0059,63
D2262,F0280,42
D2263,F0251,58
D2264,F0184,61
D2265,F0027,58
D2266,F0011,59
D2267,F0095,36
D2268,F0048,44
D2269,F0259,56
D2270,F0062,51
D2271,F0085,33
D2272,F0293,51
D2273,F0246,58
D2274,F0066,59
D2275,F0116,45
D2276,F0155,40
D2277,F0200,42
D2278,F0281,42
D2279,F0262,44
D2280,F0294,42
D2281,F0013,47
D2282,F0071,34
D2283,F0169,41
D2284,F0015,43
D2285,F0107,37
D2286,F0047,61
D2287,F0280,54
D2288,F0019,62
D2289,F0045,50
D2290,F0059,36
D2291,F0045,61
D2292,F0171,47
D2293,F0110,54
D2294,F0274,45
D2295,F0079,48
D2296,F0162,48
D2297,F0199,42
D2298,F0188,50
D2299,F0239,56
D2300,F0061,33
D2301,F0153,37
D2302,F0241,59
D2303,F0259,51
D2304,F0186,64
D2305,F0196,52
D2306,F0260,53
D2307,F0188,61
D2308,F0285,54
D2309,F0039,43
D2310,F0105,49
D2311,F0034,40
D2312,F0028,43
D2313,F0142,54
D2314,F0068,37
D2315,F0123,54
D2316,F0132,51
D2317,F0187,42
D2318,F0284,34
D2319,F0255,55
D2320,F0114,59
D2321,F0098,56
D2322,F0232,46
D2323,F0038,53
D2324,F0163,46
D2325,F0127,44
D2326,F0055,43
D2327,F0185,39
D2328,F0097,64
D2329,F0056,54
D2330,F0196,38
D2331,F0053,60
D2332,F0202,37
D2333,F0049,51
D2334,F0131,38
D2335,F0243,44
D2336,F0069,54
D2337,F0231,64
D2338,F0217,64
D2339,F0271,61
D2340,F0051,40
D2341,F0215,35
D2342,F0282,61
D2343,F0229,62
D2344,F0057,41
D2345,F0247,33
D2346,F0033,53
D2347,F0177,35
D2348,F0150,34
D2349,F0160,62
D2350,F0156,48
D2351,F0010,36
D2352,F0153,53
D2353,F0282,44
D2354,F0132,50
D2355,F0084,61
D2356,F0299,40
D2357,F0030,53
D2358,F0146,59
D2359,F0154,46
D2360,F0144,64
D2361,F0277,47
D2362,F0127,47
D2363,F0292,61
D2364,F0021,53
D2365,F0221,60
D2366,F0178,58
D2367,F0073,55
D2368,F0069,40
D2369,F0216,45
D2370,F0192,60
D2371,F0184,52
D2372,F0016,41
D2373,F0180,43
D2374,F0295,57
D2375,F0006,38
D2376,F0141,36
D2377,F0149,57
D2378,F0270,42
D2379,F0085,57
D2380,F0143,50
D2381,F0216,64
D2382,F0019,49
D2383,F0241,60
D2384,F0247,60
D2385,F0216,39
D2386,F0195,64
D2387,F0225,56
D2388,F0235,36
D2389,F0272,33
D2390,F0129,41
D2391,F0137,33
D2392,F0192,44
D2393,F0058,64
D2394,F0257,48
D2395,F0232,33
D2396,F0190,48
D2397,F0091,40
D2398,F0105,60
D2399,F0131,35
D2400,F0199,57
D2401,F0234,47
D2402,F0202,33
D2403,F0279,54
D2404,F0289,47
D2405,F0212,57
D2406,F0112,52
D2407,F0180,58
D2408,F0128,47
D2409,F0189,33
D2410,F0244,37
D2411,F0111,47
D2412,F0152,45
D2413,F0014,58
D2414,F0221,46
D2415,F0147,60
D2416,F0138,39
D2417,F0160,45
D2418,F0065,57
D2419,F0180,36
D2420,F0224,43
D2421,F0105,57
D2422,F0040,51
D2423,F0117,57
D2424,F0060,49
D2425,F0113,60
D2426,F0189,61
D2427,F0035,64
D2428,F0225,36
D2429,F0068,51
D2430,F0269,36
D2431,F0220,40
D2432,F0082,42
D2433,F0169,53
D2434,F0034,46
D2435,F0030,60
D2436,F0287,42
D2437,F0241,52
D2438,F0047,57
D2439,F0085,64
D2440,F0060,40
D2441,F0119,56
D2442,F0088,35
D2443,F0099,50
D2444,F0159,46
D2445,F0057,63
D2446,F0265,57
D2447,F0219,62
D2448,F0229,60
D2449,F0051,46
D2450,F0213,56
D2451,F0251,33
D2452,F0053,50
D2453,F0226,34
D2454,F0108,56
D2455,F0237,63
D2456,F0144,54
D2457,F0241,59
D2458,F0045,40
D2459,F0117,64
D2460,F0083,50
D2461,F0075,54
D2462,F0093,57
D2463,F0115,53
D2464,F0039,43
D2465,F0213,52
D2466,F0166,53
D2467,F0249,60
D2468,F0212,48
D2469,F0045,49
D2470,F0021,49
D2471,F0127,36
D2472,F0145,35
D2473,F0073,33
D2474,F0235,54
D2475,F0175,46
D2476,F0225,60
D2477,F0033,55
D2478,F0245,37
D2479,F0062,36
D2480,F0135,44
D2481,F0132,62
D2482,F0247,34
D2483,F0084,38
D2484,F0073,33
D2485,F0102,46
D2486,F0109,64
D2487,F0055,54
D2488,F0053,48
D2489,F0070,37
D2490,F0141,44
D2491,F0104,49
D2492,F0118,41
D2493,F0216,55
D2494,F0073,64
D2495,F0273,39
D2496,F0226,41
D2497,F0053,37
D2498,F0095,56
D2499,F0056,47
D2500,F0082,42
D2501,F0110,40
D2502,F0040,35
D2503,F0005,48
D2504,F0132,54
D2505,F0211,40
D2506,F0091,33
D2507,F0259,48
D2508,F0111,54
D2509,F0271,44
D2510,F0071,41
D2511,F0162,37
D2512,F0229,56
D2513,F0018,60
D2514,F0280,57
D2515,F0110,49
D2516,F0150,56
D2517,F0189,45
D2518,F0193,33
D2519,F0008,44
D2520,F0261,55
D2521,F0188,53
D2522,F0300,64
D2523,F0142,64
D2524,F0185,40
D2525,F0133,33
D2526,F0267,41
D2527,F0250,61
D2528,F0273,59
D2529,F0152,36
D2530,F0238,38
D2531,F0108,51
D2532,F0139,54
D2533,F0229,64
D2534,F0025,57
D2535,F0214,39
D2536,F0005,34
D2537,F0175,53
D2538,F0144,50
D2539,F0141,62
D2540,F0149,51
D2541,F0148,49
D2542,F0123,42
D2543,F0136,35
D2544,F0171,61
D2545,F0230,59
D2546,F0166,38
D2547,F0193,55
D2548,F0251,44
D2549,F0297,46
D2550,F0033,60
D2551,F0214,59
D2552,F0068,39
D2553,F0060,42
D2554,F0238,59
D2555,F0021,62
D2556,F0255,35
D2557,F0232,59
D2558,F0299,48
D2559,F0201,51
D2560,F0262,35
D2561,F0036,54
D2562,F0267,54
D2563,F0049,54
D2564,F0095,58
D2565,F0039,63
D2566,F0121,60
D2567,F0225,56
D2568,F0081,64
D2569,F0247,54
D2570,F0182,54
D2571,F0189,50
D2572,F0282,57
D2573,F0130,35
D2574,F0104,49
D2575,F0299,46
D2576,F0168,62
D2577,F0185,35
D2578,F0089,53
D2579,F0065,38
D2580,F0051,61
D2581,F0068,60
D2582,F0059,40
D2583,F0225,60
D2584,F0018,48
D2585,F0189,64
D2586,F0285,56
D2587,F0230,34
D2588,F0121,39
D2589,F0018,45
D2590,F0251,39
D2591,F0001,37
D2592,F0205,64
D2593,F0202,60
D2594,F0058,46
D2595,F0222,39
D2596,F0053,38
D2597,F0068,62
D2598,F0244,43
D2599,F0294,33
D2600,F0080,45
D2601,F0277,47
D2602,F0274,52
D2603,F0231,43
D2604,F0043,62
D2605,F0090,53
D2606,F0204,64
D2607,F0300,44
D2608,F0245,53
D2609,F0127,44
D2610,F0071,55
D2611,F0289,56
D2612,F0083,43
D2613,F0103,63
D2614,F0290,60
D2615,F0169,61
D2616,F0080,39
D2617,F0002,55
D2618,F0129,36
D2619,F0296,36
D2620,F0130,64
D2621,F0210,37
D2622,F0076,60
D2623,F0233,46
D2624,F0233,42
D2625,F0183,35
D2626,F0232,54
D2627,F0174,56
D2628,F0114,47
D2629,F0222,58
D2630,F0251,43
D2631,F0253,50
D2632,F0064,42
D2633,F0203,51
D2634,F0002,37
D2635,F0172,48
D2636,F0172,50
D2637,F0110,50
D2638,F0299,47
D2639,F0265,53
D2640,F0012,49
D2641,F0063,42
D2642,F0063,39
D2643,F0270,53
D2644,F0156,63
D2645,F0219,57
D2646,F0243,53
D2647,F0231,62
D2648,F0027,61
D2649,F0043,49
D2650,F0119,36
D2651,F0102,53
D2652,F0225,52
D2653,F0047,41
D2654,F0112,60
D2655,F0071,60
D2656,F0057,43
D2657,F0052,48
D2658,F0059,39
D2659,F0170,38
D2660,F0124,41
D2661,F0131,44
D2662,F0144,41
D2663,F0223,37
D2664,F0259,47
D2665,F0158,52
D2666,F0193,43
D2667,F0222,50
D2668,F0208,41
D2669,F0041,55
D2670,F0295,53
D2671,F0050,63
D2672,F0124,34
D2673,F0196,60
D2674,F0122,43
D2675,F0073,35
D2676,F0278,55
D2677,F0022,38
D2678,F0074,38
D2679,F0298,64
D2680,F0219,40
D2681,F0027,50
D2682,F0227,39
D2683,F0291,36
D2684,F0030,33
D2685,F0125,33
D2686,F0141,48
D2687,F0040,46
D2688,F0061,34
D2689,F0053,44
D2690,F0056,41
D2691,F0122,51
D2692,F0140,64
D2693,F0072,55
D2694,F0087,62
D2695,F0058,39
D2696,F0239,39
D2697,F0064,57
D2698,F0273,42
D2699,F0162,60
D2700,F0241,47
D2701,F0191,39
D2702,F0080,60
D2703,F0181,50
D2704,F0083,58
D2705,F0036,47
D2706,F0077,37
D2707,F0083,54
D2708,F0041,36
D2709,F0008,54
D2710,F0284,46
D2711,F0155,58
D2712,F0121,60
D2713,F0279,46
D2714,F0068,61
D2715,F0121,36
D2716,F0255,36
D2717,F0190,64
D2718,F0120,51
D2719,F0077,47
D2720,F0011,37
D2721,F0026,42
D2722,F0049,54
D2723,F0236,59
D2724,F0192,62
D2725,F0131,46
D2726,F0235,47
D2727,F0049,38
D2728,F0064,35
D2729,F0118,47
D2730,F0276,51
D2731,F0185,36
D2732,F0256,46
D2733,F0075,53
D2734,F0255,58
D2735,F0022,63
D2736,F0069,43
D2737,F0157,45
D2738,F0016,60
D2739,F0258,55
D2740,F0261,41
D2741,F0163,54
D2742,F0092,38
D2743,F0030,47
D2744,F0186,42
D2745,F0162,64
D2746,F0228,34
D2747,F0181,60
D2748,F0039,41
D2749,F0037,34
D2750,F0235,54
D2751,F0048,54
D2752,F0282,37
D2753,F0032,34
D2754,F0219,36
D2755,F0293,46
D2756,F0133,37
D2757,F0018,55
D2758,F0264,35
D2759,F0057,58
D2760,F0159,60
D2761,F0296,55
D2762,F0224,63
D2763,F0014,63
D2764,F0247,34
D2765,F0049,43
D2766,F0225,57
D2767,F0187,43
D2768,F0087,56
D2769,F0128,57
D2770,F0036,64
D2771,F0297,43
D2772,F0072,44
D2773,F0093,33
D2774,F0151,42
D2775,F0202,41
D2776,F0152,47
D2777,F0152,46
D2778,F0175,60
D2779,F0258,57
D2780,F0119,56
D2781,F0250,33
D2782,F0237,48
D2783,F0289,56
D2784,F0274,40
D2785,F0240,46
D2786,F0075,56
D2787,F0233,58
D2788,F0221,60
D2789,F0087,46
D2790,F0204,45
D2791,F0076,45
D2792,F0157,54
D2793,F0240,46
D2794,F0057,45
D2795,F0102,38
D2796,F0239,48
D2797,F0137,40
D2798,F0289,49
D2799,F0003,61
D2800,F0217,57
D2801,F0245,48
D2802,F0276,64
D2803,F0048,64
D2804,F0296,47
D2805,F0118,57
D2806,F0106,43
D2807,F0107,61
D2808,F0192,44
D2809,F0198,41
D2810,F0143,37
D2811,F0022,59
D2812,F0296,42
D2813,F0067,59
D2814,F0029,35
D2815,F0180,49
D2816,F0124,46
D2817,F0185,47
D2818,F0263,38
D2819,F0030,35
D2820,F0086,44
D2821,F0155,48
D2822,F0237,58
D2823,F0181,47
D2824,F0115,40
D2825,F0184,41
D2826,F0294,52
D2827,F0145,46
D2828,F0266,61
D2829,F0234,47
D2830,F0091,51
D2831,F0075,35
D2832,F0232,39
D2833,F0063,60
D2834,F0102,44
D2835,F0071,46
D2836,F0182,51
D2837,F0089,34
D2838,F0198,49
D2839,F0281,44
D2840,F0249,37
D2841,F0285,46
D2842,F0008,47
D2843,F0137,38
D2844,F0067,50
D2845,F0276,56
D2846,F0214,41
D2847,F0097,63
D2848,F0170,52
D2849,F0182,57
D2850,F0149,35
D2851,F0143,57
D2852,F0017,43
D2853,F0136,55
D2854,F0105,58
D2855,F0246,41
D2856,F0260,41
D2857,F0226,34
D2858,F0010,52
D2859,F0253,57
D2860,F0119,46
D2861,F0125,38
D2862,F0284,43
D2863,F0261,45
D2864,F0016,62
D2865,F0108,36
D2866,F0225,43
D2867,F0162,53
D2868,F0078,40
D2869,F0158,61
D2870,F0260,62
D2871,F0067,45
D2872,F0224,56
D2873,F0221,57
D2874,F0266,54
D2875,F0090,38
D2876,F0065,34
D2877,F0165,44
D2878,F0160,37
D2879,F0123,42
D2880,F0234,53
D2881,F0240,51
D2882,F0074,39
D2883,F0239,33
D2884,F0070,40
D2885,F0123,47
D2886,F0009,57
D2887,F0103,44
D2888,F0288,42
D2889,F0133,50
D2890,F0214,35
D2891,F0033,40
D2892,F0191,34
D2893,F0112,49
D2894,F0224,47
D2895,F0279,51
D2896,F0160,52
D2897,F0031,45
D2898,F0143,60
D2899,F0037,62
D2900,F0135,36
D2901,F0019,62
D2902,F0193,39
D2903,F0094,40
D2904,F0061,49
D2905,F0006,33
D2906,F0267,44
D2907,F0252,39
D2908,F0244,48
D2909,F0018,59
D2910,F0105,62
D2911,F0292,39
D2912,F0174,50
D2913,F0039,48
D2914,F0043,46
D2915,F0079,53
D2916,F0292,64
D2917,F0051,45
D2918,F0271,35
D2919,F0204,62
D2920,F0277,62
D2921,F0248,43
D2922,F0100,49
D2923,F0249,60
D2924,F0051,49
D2925,F0088,48
D2926,F0064,62
D2927,F0040,59
D2928,F0028,49
D2929,F0057,38
D2930,F0037,47
D2931,F0115,54
D2932,F0022,41
D2933,F0019,50
D2934,F0297,54
D2935,F0027,35
D2936,F0023,51
D2937,F0010,56
D2938,F0040,39
D2939,F0159,50
D2940,F0249,55
D2941,F0221,34
D2942,F0175,53
D2943,F0026,41
D2944,F0233,45
D2945,F0012,53
D2946,F0190,33
D2947,F0123,33
D2948,F0265,47
D2949,F0093,63
D2950,F0192,33
D2951,F0132,58
D2952,F0157,35
D2953,F0282,48
D2954,F0214,46
D2955,F0125,47
D2956,F0135,35
D2957,F0212,57
D2958,F0104,41
D2959,F0051,57
D2960,F0141,53
D2961,F0021,50
D2962,F0051,42
D2963,F0127,53
D2964,F0239,64
D2965,F0235,62
D2966,F0079,62
D2967,F0127,40
D2968,F0047,51
D2969,F0227,45
D2970,F0074,63
D2971,F0240,63
D2972,F0253,60
D2973,F0207,38
D2974,F0100,43
D2975,F0286,55
D2976,F0206,56
D2977,F0194,44
D2978,F0257,37
D2979,F0265,37
D2980,F0024,54
D2981,F0265,47
D2982,F0230,48
D2983,F0062,59
D2984,F0093,33
D2985,F0226,57
D2986,F0065,41
D2987,F0136,62
D2988,F0207,63
D2989,F0196,49
D2990,F0273,43
D2991,F0034,40
D2992,F0089,38
D2993,F0296,64
D2994,F0171,39
D2995,F0075,47
D2996,F0087,48
D2997,F0102,54
D2998,F0167,59
D2999,F0086,50
D3000,F0187,57
D3001,F0134,51
D3002,F0184,46
D3003,F0047,38
D3004,F0188,39
D3005,F0278,46
D3006,F0041,34
D3007,F0099,43
D3008,F0209,47
D3009,F0186,48
D3010,F0203,59
D3011,F0168,63
D3012,F0205,56
D3013,F0183,35
D3014,F0023,46
D3015,F0226,56
D3016,F0135,52
D3017,F0016,47
D3018,F0123,46
D3019,F0131,45
D3020,F0027,51
D3021,F0299,38
D3022,F0067,49
D3023,F0100,39
D3024,F0133,54
D3025,F0250,60
D3026,F0223,49
D3027,F0232,45
D3028,F0072,63
D3029,F0254,54
D3030,F0249,46
D3031,F0140,33
D3032,F0164,33
D3033,F0012,40
D3034,F0229,40
D3035,F0289,56
D3036,F0142,49
D3037,F0163,64
D3038,F0150,50
D3039,F0025,61
D3040,F0186,50
D3041,F0217,44
D3042,F0279,55
D3043,F0279,47
D3044,F0148,41
D3045,F0288,48
D3046,F0159,54
D3047,F0193,45
D3048,F0181,55
D3049,F0300,64
D3050,F0222,46
D3051,F0037,42
D3052,F0022,45
D3053,F0123,59
D3054,F0155,38
D3055,F0201,64
D3056,F0145,46
D3057,F0155,59
D3058,F0277,58
D3059,F0101,58
D3060,F0149,62
D3061,F0168,38
D3062,F0141,51
D3063,F0291,36
D3064,F0289,42
D3065,F0154,34
D3066,F0136,54
D3067,F0177,52
D3068,F0055,56
D3069,F0128,38
D3070,F0066,43
D3071,F0044,54
D3072,F0029,59
D3073,F0177,61
D3074,F0001,35
D3075,F0194,45
D3076,F0130,33
D3077,F0110,59
D3078,F0231,36
D3079,F0162,59
D3080,F0221,37
D3081,F0213,33
D3082,F0010,61
D3083,F0065,47
D3084,F0171,46
D3085,F0293,53
D3086,F0047,41
D3087,F0032,55
D3088,F0283,46
D3089,F0291,41
D3090,F0051,45
D3091,F0121,33
D3092,F0188,42
D3093,F0059,51
D3094,F0098,37
D3095,F0119,36
D3096,F0193,53
D3097,F0093,46
D3098,F0124,37
D3099,F0087,56
D3100,F0228,57
D3101,F0046,34
D3102,F0070,39
D3103,F0075,44
D3104,F0272,56
D3105,F0284,35
D3106,F0151,58
D3107,F0047,43
D3108,F0227,37
D3109,F0148,60
D3110,F0255,35
D3111,F0108,37
D3112,F0300,63
D3113,F0243,49
D3114,F0068,47
D3115,F0218,54
D3116,F0087,53
D3117,F0105,52
D3118,F0076,33
D3119,F0205,50
D3120,F0079,41
D3121,F0192,58
D3122,F0175,49
D3123,F0226,36
D3124,F0299,61
D3125,F0003,42
D3126,F0298,41
D3127,F0033,62
D3128,F0159,57
D3129,F0103,60
D3130,F0192,54
D3131,F0217,62
D3132,F0258,36
D3133,F0121,52
D3134,F0280,42
D3135,F0097,45
D3136,F0062,40
D3137,F0114,39
D3138,F0159,47
D3139,F0201,62
D3140,F0250,53
D3141,F0068,44
D3142,F0091,46
D3143,F0282,49
D3144,F0132,40
D3145,F0073,49
D3146,F0296,55
D3147,F0135,40
D3148,F0296,51
D3149,F0276,55
D3150,F0272,49
D3151,F0175,42
D3152,F0240,50
D3153,F0289,58
D3154,F0081,40
D3155,F0012,51
D3156,F0097,54
D3157,F0192,43
D3158,F0165,45
D3159,F0025,61
D3160,F0169,44
D3161,F0053,52
D3162,F0152,37
D3163,F0173,62
D3164,F0192,52
D3165,F0124,57
D3166,F0123,52
D3167,F0204,44
D3168,F0225,43
D3169,F0243,55
D3170,F0101,60
D3171,F0128,37
D3172,F0100,60
D3173,F0159,59
D3174,F0039,36
D3175,F0130,36
D3176,F0057,55
D3177,F0160,59
D3178,F0256,45
D3179,F0296,53
D3180,F0134,64
D3181,F0017,43
D3182,F0069,40
D3183,F0032,64
D3184,F0228,41
D3185,F0296,48
D3186,F0167,47
D3187,F0054,49
D3188,F0007,41
D3189,F0293,54
D3190,F0095,55
D3191,F0034,39
D3192,F0054,48
D3193,F0077,34
D3194,F0197,40
D3195,F0268,64
D3196,F0083,49
D3197,F0207,52
D3198,F0020,61
D3199,F0004,55
D3200,F0017,58
D3201,F0277,55
D3202,F0175,48
D3203,F0242,53
D3204,F0007,42
D3205,F0007,61
D3206,F0255,38
D3207,F0031,61
D3208,F0047,61
D3209,F0156,37
D3210,F0182,55
D3211,F0069,64
D3212,F0134,51
D3213,F0203,43
D3214,F0133,61
D3215,F0115,49
D3216,F0022,36
D3217,F0136,40
D3218,F0241,54
D3219,F0189,47
D3220,F0268,39
D3221,F0038,58
D3222,F0004,36
D3223,F0165,40
D3224,F0054,47
D3225,F0179,34
D3226,F0272,45
D3227,F0102,62
D3228,F0165,63
D3229,F0205,60
D3230,F0046,43
D3231,F0270,35
D3232,F0061,59
D3233,F0243,44
D3234,F0198,56
D3235,F0043,36
D3236,F0218,54
D3237,F0059,51
D3238,F0180,62
D3239,F0288,36
D3240,F0286,46
D3241,F0262,64
D3242,F0149,45
D3243,F0168,54
D3244,F0091,38
D3245,F0277,56
D3246,F0144,41
D3247,F0232,51
D3248,F0108,61
D3249,F0223,54
D3250,F0068,48
D3251,F0221,39
D3252,F0014,43
D3253,F0032,60
D3254,F0106,39
D3255,F0145,54
D3256,F0214,48
D3257,F0108,43
D3258,F0006,55
D3259,F0098,44
D3260,F0132,42
D3261,F0164,49
D3262,F0194,57
D3263,F0075,60
D3264,F0184,53
D3265,F0190,54
D3266,F0233,58
D3267,F0157,41
D3268,F0244,41
D3269,F0067,48
D3270,F0214,53
D3271,F0014,53
D3272,F0031,37
D3273,F0260,57
D3274,F0143,44
D3275,F0187,61
D3276,F0182,56
D3277,F0209,64
D3278,F0074,53
D3279,F0054,49
D3280,F0013,39
D3281,F0260,45
D3282,F0068,60
D3283,F0173,45
D3284,F0137,34
D3285,F0049,40
D3286,F0125,52
D3287,F0025,53
D3288,F0054,64
D3289,F0042,62
D3290,F0248,50
D3291,F0171,50
D3292,F0278,58
D3293,F0131,34
D3294,F0061,52
D3295,F0183,48
D3296,F0279,58
D3297,F0160,58
D3298,F0006,53
D3299,F0092,54
D3300,F0278,55
D3301,F0156,51
D3302,F0286,40
D3303,F0153,42
D3304,F0004,56
D3305,F0262,52
D3306,F0229,40
D3307,F0215,61
D3308,F0292,64
D3309,F0059,53
D3310,F0272,40
D3311,F0070,63
D3312,F0292,40
D3313,F0058,46
D3314,F0166,60
D3315,F0237,49
D3316,F0024,40
D3317,F0021,35
D3318,F0255,44
D3319,F0019,54
D3320,F0185,55
D3321,F0282,40
D3322,F0185,38
D3323,F0145,55
D3324,F0126,38
D3325,F0192,35
D3326,F0172,48
D3327,F0151,51
D3328,F0047,40
D3329,F0199,39
D3330,F0222,40
D3331,F0213,43
D3332,F0023,33
D3333,F0211,33
D3334,F0219,44
D3335,F0056,33
D3336,F0255,43
D3337,F0158,51
D3338,F0142,33
D3339,F0217,52
D3340,F0153,52
D3341,F0164,51
D3342,F0094,53
D3343,F0279,58
D3344,F0291,35
D3345,F0040,38
D3346,F0220,43
D3347,F0008,55
D3348,F0111,60
D3349,F0291,62
D3350,F0053,51
D3351,F0114,46
D3352,F0066,46
D3353,F0219,34
D3354,F0140,47
D3355,F0178,49
D3356,F0283,39
D3357,F0157,57
D3358,F0221,58
D3359,F0030,42
D3360,F0065,62
D3361,F0285,36
D3362,F0258,62
D3363,F0198,57
D3364,F0114,40
D3365,F0060,53
D3366,F0256,42
D3367,F0236,58
D3368,F0073,38
D3369,F0177,40
D3370,F0186,42
D3371,F0144,39
D3372,F0279,43
D3373,F0038,52
D3374,F0078,53
D3375,F0029,50
D3376,F0208,39
D3377,F0194,39
D3378,F0297,62
D3379,F0163,41
D3380,F0046,36
D3381,F0136,47
D3382,F0027,33
D3383,F0202,43
D3384,F0203,60
D3385,F0258,41
D3386,F0102,55
D3387,F0094,48
D3388,F0022,44
D3389,F0125,54
D3390,F0143,52
D3391,F0227,43
D3392,F0227,40
D3393,F0043,62
D3394,F0086,38
D3395,F0154,63
D3396,F0101,48
D3397,F0008,64
D3398,F0254,44
D3399,F0220,51
D3400,F0157,52
D3401,F0096,43
D3402,F0253,39
D3403,F0011,49
D3404,F0134,54
D3405,F0241,41
D3406,F0286,57
D3407,F0076,53
D3408,F0196,38
D3409,F0057,63
D3410,F0035,34
D3411,F0106,53
D3412,F0266,47
D3413,F0207,53
D3414,F0147,57
D3415,F0085,54
D3416,F0043,53
D3417,F0082,59
D3418,F0046,55
D3419,F0057,59
D3420,F0207,45
D3421,F0040,39
D3422,F0015,40
D3423,F0163,52
D3424,F0086,50
D3425,F0137,35
D3426,F0042,39
D3427,F0063,63
D3428,F0133,56
D3429,F0208,57
D3430,F0125,39
D3431,F0163,35
D3432,F0157,42
D3433,F0081,60
D3434,F0084,49
D3435,F0128,58
D3436,F0010,48
D3437,F0206,48
D3438,F0185,52
D3439,F0092,63
D3440,F0113,46
D3441,F0099,52
D3442,F0196,62
D3443,F0228,44
D3444,F0033,59
D3445,F0124,50
D3446,F0005,61
D3447,F0136,47
D3448,F0075,53
D3449,F0101,43
D3450,F0137,53
D3451,F0098,43
D3452,F0119,52
D3453,F0230,58
D3454,F0244,46
D3455,F0002,46
D3456,F0114,43
D3457,F0255,56
D3458,F0160,51
D3459,F0062,49
D3460,F0179,33
D3461,F0044,36
D3462,F0007,33
D3463,F0190,60
D3464,F0155,60
D3465,F0227,35
D3466,F0104,34
D3467,F0257,58
D3468,F0127,49
D3469,F0222,42
D3470,F0031,52
D3471,F0030,40
D3472,F0235,39
D3473,F0251,44
D3474,F0283,61
D3475,F0098,57
D3476,F0007,39
D3477,F0294,50
D3478,F0181,61
D3479,F0075,63
D3480,F0230,57
D3481,F0272,37
D3482,F0086,40
D3483,F0231,39
D3484,F0237,37
D3485,F0151,38
D3486,F0190,43
D3487,F0081,50
D3488,F0279,45
D3489,F0295,46
D3490,F0295,40
D3491,F0222,37
D3492,F0013,64
D3493,F0110,52
D3494,F0134,40
D3495,F0288,58
D3496,F0165,59
D3497,F0161,63
D3498,F0045,38
D3499,F0239,53
D3500,F0101,64
D3501,F0028,58
D3502,F0297,40
D3503,F0058,61
D3504,F0005,46
D3505,F0024,48
D3506,F0136,50
D3507,F0031,57
D3508,F0253,36
D3509,F0154,50
D3510,F0098,59
D3511,F0001,50
D3512,F0144,41
D3513,F0046,34
D3514,F0294,50
D3515,F0088,55
D3516,F0143,50
D3517,F0006,64
D3518,F0040,52
D3519,F0063,49
D3520,F0016,34
D3521,F0218,50
D3522,F0284,38
D3523,F0296,56
D3524,F0080,38
D3525,F0237,62
D3526,F0152,42
D3527,F0014,46
D3528,F0028,37
D3529,F0165,39
D3530,F0128,62
D3531,F0003,42
D3532,F0280,49
D3533,F0220,64
D3534,F0151,52
D3535,F0297,34
D3536,F0292,44
D3537,F0293,45
D3538,F0078,41
D3539,F0265,40
D3540,F0152,49
D3541,F0218,45
D3542,F0258,42
D3543,F0049,46
D3544,F0135,43
D3545,F0039,40
D3546,F0084,47
D3547,F0125,63
D3548,F0257,49
D3549,F0259,52
D3550,F0117,64
D3551,F0099,52
D3552,F0160,40
D3553,F0274,45
D3554,F0293,48
D3555,F0069,48
D3556,F0056,37
D3557,F0213,36
D3558,F0091,44
D3559,F0060,62
D3560,F0010,55
D3561,F0121,59
D3562,F0118,38
D3563,F0169,46
D3564,F0061,51
D3565,F0215,46
D3566,F0205,46
D3567,F0139,44
D3568,F0055,34
D3569,F0153,60
D3570,F0203,62
D3571,F0112,35
D3572,F0080,46
D3573,F0152,49
D3574,F0107,58
D3575,F0121,64
D3576,F0105,46
D3577,F0092,56
D3578,F0216,62
D3579,F0139,59
D3580,F0140,42
D3581,F0196,59
D3582,F0109,46
D3583,F0031,33
D3584,F0256,57
D3585,F0017,59
D3586,F0172,43
D3587,F0080,47
D3588,F0065,44
D3589,F0013,36
D3590,F0271,64
D3591,F0129,33
D3592,F0103,50
D3593,F0223,33
D3594,F0012,55
D3595,F0170,61
D3596,F0149,53
D3597,F0167,52
D3598,F0038,59
D3599,F0286,64
D3600,F0072,60
D3601,F0204,40
D3602,F0225,51
D3603,F0104,59
D3604,F0040,42
D3605,F0090,54
D3606,F0243,33
D3607,F0272,61
D3608,F0282,52
D3609,F0068,56
D3610,F0182,59
D3611,F0046,40
D3612,F0214,47
D3613,F0125,60
D3614,F0215,38
D3615,F0206,59
D3616,F0298,42
D3617,F0147,51
D3618,F0103,49
D3619,F0159,54
D3620,F0049,59
D3621,F0034,44
D3622,F0156,38
D3623,F0248,46
D3624,F0160,52
D3625,F0235,57
D3626,F0054,57
D3627,F0135,43
D3628,F0184,62
D3629,F0105,35
D3630,F0005,36
D3631,F0023,33
D3632,F0279,62
D3633,F0182,38
D3634,F0080,52
D3635,F0078,59
D3636,F0012,57
D3637,F0284,63
D3638,F0033,34
D3639,F0228,46
D3640,F0073,49
D3641,F0101,55
D3642,F0083,52
D3643,F0248,50
D3644,F0010,42
D3645,F0106,36
D3646,F0084,46
D3647,F0082,41
D3648,F0058,50
D3649,F0274,58
D3650,F0114,50
D3651,F0126,51
D3652,F0116,34
D3653,F0295,53
D3654,F0102,47
D3655,F0103,36
D3656,F0099,39
D3657,F0099,57
D3658,F0027,62
D3659,F0182,49
D3660,F0008,64
D3661,F0068,38
D3662,F0061,42
D3663,F0088,62
D3664,F0227,38
D3665,F0180,54
D3666,F0298,40
D3667,F0106,43
D3668,F0279,48
D3669,F0014,44
D3670,F0152,60
D3671,F0240,64
D3672,F0160,49
D3673,F0280,49
D3674,F0095,34
D3675,F0010,40
D3676,F0233,34
D3677,F0021,60
D3678,F0230,40
D3679,F0221,43
D3680,F0254,59
D3681,F0144,55
D3682,F0269,52
D3683,F0051,34
D3684,F0131,51
D3685,F0037,50
D3686,F0231,43
D3687,F0215,56
D3688,F0242,62
D3689,F0230,41
D3690,F0093,43
D3691,F0021,43
D3692,F0279,59
D3693,F0148,35
D3694,F0029,61
D3695,F0279,57
D3696,F0299,48
D3697,F0134,51
D3698,F0232,61
D3699,F0011,57
D3700,F0028,41
D3701,F0083,34
D3702,F0197,54
D3703,F0041,37
D3704,F0011,35
D3705,F0201,64
D3706,F0232,48
D3707,F0222,53
D3708,F0240,39
D3709,F0241,36
D3710,F0181,35
D3711,F0156,44
D3712,F0258,33
D3713,F0105,46
D3714,F0030,43
D3715,F0226,49
D3716,F0083,51
D3717,F0294,42
D3718,F0125,47
D3719,F0256,35
D3720,F0013,42
D3721,F0198,64
D3722,F0135,64
D3723,F0139,48
D3724,F0080,63
D3725,F0292,49
D3726,F0118,37
D3727,F0256,60
D3728,F0128,46
D3729,F0015,52
D3730,F0264,53
D3731,F0056,42
D3732,F0082,56
D3733,F0259,49
D3734,F0269,44
D3735,F0276,42
D3736,F0128,56
D3737,F0228,40
D3738,F0099,36
D3739,F0223,61
D3740,F0151,43
D3741,F0016,53
D3742,F0126,55
D3743,F0141,59
D3744,F0078,53
D3745,F0113,55
D3746,F0151,59
D3747,F0015,63
D3748,F0046,34
D3749,F0231,56
D3750,F0106,38
D3751,F0183,61
D3752,F0170,34
D3753,F0166,40
D3754,F0125,39
D3755,F0145,52
D3756,F0248,33
D3757,F0290,33
D3758,F0078,49
D3759,F0201,64
D3760,F0291,49
D3761,F0003,47
D3762,F0236,54
D3763,F0150,50
D3764,F0291,45
D3765,F0174,51
D3766,F0252,33
D3767,F0050,40
D3768,F0043,54
D3769,F0278,43
D3770,F0158,34
D3771,F0168,36
D3772,F0051,60
D3773,F0069,43
D3774,F0246,33
D3775,F0091,56
D3776,F0176,49
D3777,F0095,47
D3778,F0080,61
D3779,F0050,43
D3780,F0279,51
D3781,F0283,56
D3782,F0035,52
D3783,F0106,39
D3784,F0170,54
D3785,F0115,56
D3786,F0217,36
D3787,F0079,38
D3788,F0018,54
D3789,F0102,36
D3790,F0180,61
D3791,F0055,36
D3792,F0245,64
D3793,F0004,54
D3794,F0021,47
D3795,F0153,41
D3796,F0154,44
D3797,F0089,56
D3798,F0078,57
D3799,F0021,39
D3800,F0199,50
D3801,F0114,64
D3802,F0036,41
D3803,F0120,55
D3804,F0282,38
D3805,F0079,59
D3806,F0269,38
D3807,F0078,42
D3808,F0056,47
D3809,F0079,44
D3810,F0097,38
D3811,F0037,53
D3812,F0177,33
D3813,F0101,64
D3814,F0216,34
D3815,F0148,43
D3816,F0133,62
D3817,F0142,37
D3818,F0047,35
D3819,F0214,56
D3820,F0032,35
D3821,F0217,61
D3822,F0300,47
D3823,F0230,60
D3824,F0137,40
D3825,F0095,37
D3826,F0262,63
D3827,F0078,57
D3828,F0145,62
D3829,F0232,43
D3830,F0277,45
D3831,F0277,51
D3832,F0027,47
D3833,F0270,40
D3834,F0035,45
D3835,F0176,52
D3836,F0279,34
D3837,F0197,43
D3838,F0285,42
D3839,F0104,35
D3840,F0095,36
D3841,F0098,48
D3842,F0107,36
D3843,F0205,44
D3844,F0136,50
D3845,F0222,60
D3846,F0125,36
D3847,F0093,46
D3848,F0058,36
D3849,F0166,46
D3850,F0270,48
D3851,F0258,58
D3852,F0076,47
D3853,F0144,62
D3854,F0212,37
D3855,F0184,34
D3856,F0021,33
D3857,F0178,44
D3858,F0012,39
D3859,F0035,35
D3860,F0197,40
D3861,F0031,64
D3862,F0102,58
D3863,F0177,33
D3864,F0197,62
D3865,F0134,39
D3866,F0029,45
D3867,F0240,43
D3868,F0285,45
D3869,F0267,57
D3870,F0225,55
D3871,F0121,52
D3872,F0263,53
D3873,F0147,56
D3874,F0041,38
D3875,F0256,45
D3876,F0097,36
D3877,F0282,55
D3878,F0111,47
D3879,F0261,53
D3880,F0162,51
D3881,F0141,41
D3882,F0090,37
D3883,F0251,64
D3884,F0019,42
D3885,F0141,36
D3886,F0111,42
D3887,F0164,61
D3888,F0077,41
D3889,F0200,64
D3890,F0116,47
D3891,F0057,60
D3892,F0060,53
D3893,F0209,34
D3894,F0079,49
D3895,F0093,46
D3896,F0189,39
D3897,F0099,50
D3898,F0117,36
D3899,F0074,55
D3900,F0104,59
D3901,F0208,35
D3902,F0161,48
D3903,F0300,53
D3904,F0232,34
D3905,F0006,45
D3906,F0114,41
D3907,F0087,34
D3908,F0177,58
D3909,F0080,47
D3910,F0290,57
D3911,F0090,51
D3912,F0157,61
D3913,F0037,64
D3914,F0273,52
D3915,F0274,44
D3916,F0239,46
D3917,F0106,59
D3918,F0018,46
D3919,F0214,49
D3920,F0129,39
D3921,F0298,64
D3922,F0210,53
D3923,F0162,43
D3924,F0297,51
D3925,F0241,45
D3926,F0138,37
D3927,F0006,60
D3928,F0028,61
D3929,F0134,59
D3930,F0169,44
D3931,F0010,41
D3932,F0038,34
D3933,F0212,56
D3934,F0226,43
D3935,F0009,61
D3936,F0153,60
D3937,F0025,37
D3938,F0218,62
D3939,F0251,37
D3940,F0261,48
D3941,F0180,48
D3942,F0189,63
D3943,F0278,54
D3944,F0184,61
D3945,F0134,52
D3946,F0227,59
D3947,F0178,60
D3948,F0253,60
D3949,F0158,46
D3950,F0261,45
D3951,F0014,64
D3952,F0011,57
D3953,F0030,62
D3954,F0167,51
D3955,F0213,62
D3956,F0065,56
D3957,F0047,56
D3958,F0259,38
D3959,F0226,51
D3960,F0195,56
D3961,F0147,57
D3962,F0127,63
D3963,F0007,43
D3964,F0057,42
D3965,F0270,64
D3966,F0102,64
D3967,F0212,38
D3968,F0212,45
D3969,F0093,63
D3970,F0062,39
D3971,F0208,58
D3972,F0029,36
D3973,F0149,38
D3974,F0267,58
D3975,F0214,52
D3976,F0230,50
D3977,F0025,60
D3978,F0060,42
D3979,F0083,49
D3980,F0088,52
D3981,F0059,56
D3982,F0292,43
D3983,F0050,53
D3984,F0213,47
D3985,F0177,50
D3986,F0184,60
D3987,F0065,45
D3988,F0093,54
D3989,F0182,63
D3990,F0090,57
D3991,F0209,64
D3992,F0012,51
D3993,F0022,42
D3994,F0219,64
D3995,F0186,53
D3996,F0013,40
D3997,F0270,43
D3998,F0002,41
D3999,F0287,59
D4000,F0219,35
D4001,F0297,56
D4002,F0285,50
D4003,F0094,35
D4004,F0227,52
D4005,F0064,57
D4006,F0142,56
D4007,F0073,49
D4008,F0146,43
D4009,F0262,38
D4010,F0131,33
D4011,F0028,44
D4012,F0098,53
D4013,F0236,34
D4014,F0157,64
D4015,F0169,51
D4016,F0130,42
D4017,F0088,63
D4018,F0180,38
D4019,F0190,63
D4020,F0270,42
D4021,F0186,45
D4022,F0299,46
D4023,F0248,64
D4024,F0024,41
D4025,F0118,64
D4026,F0116,44
D4027,F0001,42
D4028,F0055,53
D4029,F0229,55
D4030,F0106,44
D4031,F0045,37
D4032,F0087,45
D4033,F0083,50
D4034,F0053,34
D4035,F0031,35
D4036,F0230,62
D4037,F0248,34
D4038,F0149,46
D4039,F0185,57
D4040,F0276,43
D4041,F0253,48
D4042,F0010,35
D4043,F0286,58
D4044,F0021,53
D4045,F0008,60
D4046,F0121,60
D4047,F0224,44
D4048,F0025,34
D4049,F0088,44
D4050,F0079,37
D4051,F0120,50
D4052,F0296,37
D4053,F0100,62
D4054,F0063,52
D4055,F0037,41
D4056,F0060,62
D4057,F0040,57
D4058,F0173,47
D4059,F0127,37
D4060,F0150,44
D4061,F0250,51
D4062,F0175,57
D4063,F0047,41
D4064,F0114,56
D4065,F0094,42
D4066,F0249,40
D4067,F0093,47
D4068,F0042,38
D4069,F0221,45
D4070,F0129,44
D4071,F0029,41
D4072,F0207,57
D4073,F0064,43
D4074,F0261,55
D4075,F0250,56
D4076,F0111,54
D4077,F0167,41
D4078,F0171,59
D4079,F0197,40
D4080,F0021,41
D4081,F0098,60
D4082,F0052,43
D4083,F0210,55
D4084,F0021,34
D4085,F0156,52
D4086,F0219,60
D4087,F0285,55
D4088,F0087,51
D4089,F0003,60
D4090,F0218,42
D4091,F0001,45
D4092,F0020,35
D4093,F0298,55
D4094,F0259,56
D4095,F0213,57
D4096,F0251,56
D4097,F0023,37
D4098,F0027,54
D4099,F0091,57
D4100,F0008,39
D4101,F0267,48
D4102,F0017,62
D4103,F0164,46
D4104,F0257,57
D4105,F0221,49
D4106,F0071,54
D4107,F0142,53
D4108,F0165,53
D4109,F0231,57
D4110,F0128,61
D4111,F0086,42
D4112,F0239,62
D4113,F0266,53
D4114,F0147,52
D4115,F0009,43
D4116,F0151,46
D4117,F0267,53
D4118,F0297,44
D4119,F0121,42
D4120,F0046,59
D4121,F0172,46
D4122,F0250,53
D4123,F0284,33
D4124,F0016,35
D4125,F0088,60
D4126,F0144,37
D4127,F0030,58
D4128,F0266,61
D4129,F0034,48
D4130,F0200,61
D4131,F0276,46
D4132,F0206,63
D4133,F0229,40
D4134,F0079,46
D4135,F0249,45
D4136,F0126,58
D4137,F0019,34
D4138,F0110,59
D4139,F0105,33
D4140,F0157,43
D4141,F0080,52
D4142,F0139,37
D4143,F0129,48
D4144,F0099,64
D4145,F0209,59
D4146,F0092,33
D4147,F0230,51
D4148,F0076,52
D4149,F0260,35
D4150,F0110,53
D4151,F0013,49
D4152,F0045,54
D4153,F0242,42
D4154,F0262,41
D4155,F0064,56
D4156,F0181,56
D4157,F0173,38
D4158,F0041,39
D4159,F0136,51
D4160,F0209,59
D4161,F0291,39
D4162,F0255,40
D4163,F0030,58
D4164,F0072,55
D4165,F0132,61
D4166,F0046,58
D4167,F0172,63
D4168,F0003,39
D4169,F0035,41
D4170,F0015,40
D4171,F0089,34
D4172,F0229,57
D4173,F0054,54
D4174,F0297,35
D4175,F0081,39
D4176,F0014,39
D4177,F0101,45
D4178,F0225,47
D4179,F0032,42
D4180,F0022,62
D4181,F0255,39
D4182,F0178,50
D4183,F0103,47
D4184,F0227,45
D4185,F0254,59
D4186,F0108,64
D4187,F0169,33
D4188,F0004,47
D4189,F0092,36
D4190,F0179,46
D4191,F0060,52
D4192,F0298,46
D4193,F0292,42
D4194,F0078,42
D4195,F0119,42
D4196,F0057,43
D4197,F0152,44
D4198,F0038,55
D4199,F0118,36
D4200,F0167,34
D4201,F0184,49
D4202,F0179,54
D4203,F0067,41
D4204,F0238,39
D4205,F0208,52
D4206,F0226,45
D4207,F0141,56
D4208,F0268,37
D4209,F0117,36
D4210,F0242,50
D4211,F0062,45
D4212,F0075,56
D4213,F0159,49
D4214,F0167,44
D4215,F0224,38
D4216,F0090,38
D4217,F0262,57
D4218,F0099,40
D4219,F0161,49
D4220,F0280,59
D4221,F0162,61
D4222,F0205,41
D4223,F0273,36
D4224,F0293,57
D4225,F0150,54
D4226,F0126,43
D4227,F0060,51
D4228,F0162,39
D4229,F0276,55
D4230,F0147,56
D4231,F0105,42
D4232,F0033,47
D4233,F0117,43
D4234,F0072,34
D4235,F0294,37
D4236,F0159,63
D4237,F0042,47
D4238,F0021,37
D4239,F0256,34
D4240,F0280,44
D4241,F0229,64
D4242,F0038,45
D4243,F0030,64
D4244,F0060,48
D4245,F0226,57
D4246,F0230,58
D4247,F0252,33
D4248,F0030,33
D4249,F0046,62
D4250,F0271,62
D4251,F0279,37
D4252,F0218,53
D4253,F0032,62
D4254,F0021,63
D4255,F0017,42
D4256,F0208,59
D4257,F0254,53
D4258,F0190,62
D4259,F0079,37
D4260,F0228,52
D4261,F0018,33
D4262,F0249,44
D4263,F0268,33
D4264,F0216,47
D4265,F0264,58
D4266,F0176,54
D4267,F0141,43
D4268,F0097,46
D4269,F0277,44
D4270,F0210,56
D4271,F0058,41
D4272,F0288,35
D4273,F0018,49
D4274,F0177,59
D4275,F0058,48
D4276,F0200,39
D4277,F0124,34
D4278,F0132,63
D4279,F0202,57
D4280,F0227,37
D4281,F0115,35
D4282,F0300,37
D4283,F0150,45
D4284,F0049,58
D4285,F0002,38
D4286,F0061,59
D4287,F0208,33
D4288,F0162,56
D4289,F0102,42
D4290,F0145,63
D4291,F0252,48
D4292,F0172,41
D4293,F0018,40
D4294,F0015,59
D4295,F0145,45
D4296,F0122,44
D4297,F0256,56
D4298,F0175,50
D4299,F0228,54
D4300,F0176,47
D4301,F0104,35
D4302,F0198,33
D4303,F0187,34
D4304,F0217,51
D4305,F0057,49
D4306,F0193,56
D4307,F0086,61
D4308,F0238,38
D4309,F0240,63
D4310,F0188,62
D4311,F0285,52
D4312,F0162,49
D4313,F0008,38
D4314,F0182,38
D4315,F0234,33
D4316,F0031,53
D4317,F0032,46
D4318,F0082,39
D4319,F0254,37
D4320,F0159,35
D4321,F0293,53
D4322,F0262,54
D4323,F0167,53
D4324,F0204,36
D4325,F0100,34
D4326,F0028,36
D4327,F0120,57
D4328,F0178,56
D4329,F0055,42
D4330,F0067,34
D4331,F0005,43
D4332,F0221,58
D4333,F0270,37
D4334,F0249,58
D4335,F0114,47
D4336,F0179,37
D4337,F0289,62
D4338,F0178,49
D4339,F0089,54
D4340,F0102,36
D4341,F0219,44
D4342,F0134,53
D4343,F0252,53
D4344,F0260,35
D4345,F0011,52
D4346,F0217,63
D4347,F0111,58
D4348,F0156,39
D4349,F0080,62
D4350,F0111,54
D4351,F0100,34
D4352,F0016,37
D4353,F0235,62
D4354,F0043,39
D4355,F0113,36
D4356,F0058,47
D4357,F0049,49
D4358,F0113,51
D4359,F0276,54
D4360,F0284,64
D4361,F0115,57
D4362,F0152,33
D4363,F0296,35
D4364,F0071,33
D4365,F0284,45
D4366,F0032,44
D4367,F0068,62
D4368,F0102,44
D4369,F0012,33
D4370,F0245,61
D4371,F0257,41
D4372,F0116,62
D4373,F0251,57
D4374,F0232,61
D4375,F0241,59
D4376,F0241,37
D4377,F0173,53
D4378,F0034,46
D4379,F0278,53
D4380,F0183,56
D4381,F0271,49
D4382,F0288,43
D4383,F0057,62
D4384,F0121,54
D4385,F0058,61
D4386,F0016,40
D4387,F0290,59
D4388,F0277,43
D4389,F0280,47
D4390,F0266,60
D4391,F0195,44
D4392,F0157,41
D4393,F0298,62
D4394,F0166,63
D4395,F0193,42
D4396,F0064,42
D4397,F0225,40
D4398,F0246,33
D4399,F0204,50
D4400,F0150,41
D4401,F0060,60
D4402,F0011,38
D4403,F0189,53
D4404,F0205,49
D4405,F0232,52
D4406,F0286,36
D4407,F0150,47
D4408,F0249,53
D4409,F0215,43
D4410,F0084,60
D4411,F0254,49
D4412,F0016,44
D4413,F0180,33
D4414,F0283,38
D4415,F0198,48
D4416,F0282,45
D4417,F0017,60
D4418,F0160,58
D4419,F0235,38
D4420,F0193,51
D4421,F0265,47
D4422,F0139,36
D4423,F0205,54
D4424,F0126,50
D4425,F0262,35
D4426,F0036,47
D4427,F0077,56
D4428,F0030,43
D4429,F0211,44
D4430,F0070,36
D4431,F0096,39
D4432,F0251,64
D4433,F0109,52
D4434,F0044,38
D4435,F0007,48
D4436,F0069,39
D4437,F0275,47
D4438,F0165,37
D4439,F0299,52
D4440,F0065,51
D4441,F0106,53
D4442,F0049,47
D4443,F0120,42
D4444,F0169,40
D4445,F0243,39
D4446,F0111,46
D4447,F0232,47
D4448,F0188,54
D4449,F0088,34
D4450,F0274,42
D4451,F0131,60
D4452,F0046,62
D4453,F0289,62
D4454,F0275,42
D4455,F0015,37
D4456,F0271,39
D4457,F0285,37
D4458,F0249,63
D4459,F0077,61
D4460,F0190,58
D4461,F0162,56
D4462,F0187,43
D4463,F0185,48
D4464,F0192,59
D4465,F0155,59
D4466,F0208,49
D4467,F0158,59
D4468,F0005,44
D4469,F0011,46
D4470,F0288,59
D4471,F0273,45
D4472,F0176,57
D4473,F0053,47
D4474,F0235,42
D4475,F0043,40
D4476,F0114,52
D4477,F0099,48
D4478,F0004,44
D4479,F0243,56
D4480,F0153,33
D4481,F0095,35
D4482,F0153,63
D4483,F0001,54
D4484,F0132,50
D4485,F0156,33
D4486,F0102,52
D4487,F0250,46
D4488,F0075,52
D4489,F0042,34
D4490,F0159,50
D4491,F0267,51
D4492,F0113,42
D4493,F0014,34
D4494,F0291,64
D4495,F0134,55
D4496,F0052,52
D4497,F0185,57
D4498,F0096,54
D4499,F0282,37
D4500,F0089,47
D4501,F0166,61
D4502,F0163,42
D4503,F0073,64
D4504,F0150,35
D4505,F0033,43
D4506,F0194,44
D4507,F0228,52
D4508,F0286,38
D4509,F0098,40
D4510,F0086,54
D4511,F0165,42
D4512,F0208,61
D4513,F0298,60
D4514,F0008,42
D4515,F0072,50
D4516,F0079,43
D4517,F0077,44
D4518,F0140,54
D4519,F0262,42
D4520,F0010,37
D4521,F0245,41
D4522,F0186,62
D4523,F0185,41
D4524,F0204,44
D4525,F0035,53
D4526,F0225,36
D4527,F0075,41
D4528,F0155,38
D4529,F0204,62
D4530,F0182,62
D4531,F0097,57
D4532,F0119,40
D4533,F0143,52
D4534,F0013,54
D4535,F0218,60
D4536,F0030,37
D4537,F0138,56
D4538,F0197,39
D4539,F0025,51
D4540,F0299,61
D4541,F0114,34
D4542,F0005,37
D4543,F0198,59
D4544,F0168,33
D4545,F0193,54
D4546,F0226,49
D4547,F0143,44
D4548,F0249,60
D4549,F0112,60
D4550,F0164,43
D4551,F0048,33
D4552,F0186,37
D4553,F0079,36
D4554,F0210,64
D4555,F0241,52
D4556,F0258,54
D4557,F0279,40
D4558,F0037,60
D4559,F0042,56
D4560,F0278,57
D4561,F0115,47
D4562,F0008,55
D4563,F0087,50
D4564,F0251,45
D4565,F0107,52
D4566,F0024,43
D4567,F0217,63
D4568,F0059,55
D4569,F0106,56
D4570,F0002,55
D4571,F0181,47
D4572,F0134,63
D4573,F0261,39
D4574,F0101,51
D4575,F0062,35
D4576,F0050,42
D4577,F0061,51
D4578,F0136,48
D4579,F0027,63
D4580,F0121,52
D4581,F0257,46
D4582,F0231,46
D4583,F0192,52
D4584,F0268,58
D4585,F0235,41
D4586,F0196,51
D4587,F0259,51
D4588,F0038,33
D4589,F0246,62
D4590,F0089,51
D4591,F0220,40
D4592,F0274,53
D4593,F0149,54
D4594,F0027,62
D4595,F0112,34
D4596,F0123,46
D4597,F0282,38
D4598,F0283,51
D4599,F0171,49
D4600,F0286,48
D4601,F0131,64
D4602,F0124,50
D4603,F0251,46
D4604,F0201,35
D4605,F0157,42
D4606,F0138,61
D4607,F0212,47
D4608,F0227,62
D4609,F0148,50
D4610,F0010,50
D4611,F0031,46
D4612,F0044,50
D4613,F0139,35
D4614,F0185,34
D4615,F0242,48
D4616,F0070,52
D4617,F0236,50
D4618,F0200,46
D4619,F0016,42
D4620,F0106,55
D4621,F0091,52
D4622,F0266,34
D4623,F0277,47
D4624,F0246,55
D4625,F0159,58
D4626,F0148,42
D4627,F0094,62
D4628,F0232,53
D4629,F0026,47
D4630,F0082,53
D4631,F0041,60
D4632,F0149,40
D4633,F0090,37
D4634,F0060,47
D4635,F0113,35
D4636,F0259,59
D4637,F0168,64
D4638,F0247,52
D4639,F0275,64
D4640,F0271,35
D4641,F0106,53
D4642,F0264,47
D4643,F0273,41
D4644,F0288,42
D4645,F0106,50
D4646,F0069,53
D4647,F0176,38
D4648,F0280,52
D4649,F0271,62
D4650,F0172,33
D4651,F0045,61
D4652,F0127,52
D4653,F0215,43
D4654,F0169,56
D4655,F0104,52
D4656,F0103,57
D4657,F0018,35
D4658,F0087,34
D4659,F0201,53
D4660,F0073,42
D4661,F0299,40
D4662,F0025,46
D4663,F0177,56
D4664,F0149,38
D4665,F0250,64
D4666,F0267,46
D4667,F0164,37
D4668,F0190,35
D4669,F0210,60
D4670,F0157,36
D4671,F0056,46
D4672,F0129,54
D4673,F0073,49
D4674,F0140,41
D4675,F0185,36
D4676,F0063,55
D4677,F0075,48
D4678,F0247,34
D4679,F0114,38
D4680,F0060,51
D4681,F0214,38
D4682,F0215,45
D4683,F0248,36
D4684,F0228,58
D4685,F0298,53
D4686,F0173,58
D4687,F0087,34
D4688,F0259,45
D4689,F0080,41
D4690,F0088,52
D4691,F0249,59
D4692,F0265,40
D4693,F0102,57
D4694,F0219,51
D4695,F0277,59
D4696,F0240,35
D4697,F0002,64
D4698,F0200,46
D4699,F0051,41
D4700,F0254,38
D4701,F0021,64
D4702,F0298,61
D4703,F0054,37
D4704,F0127,47
D4705,F0071,56
D4706,F0245,51
D4707,F0119,39
D4708,F0224,44
D4709,F0021,44
D4710,F0136,42
D4711,F0274,63
D4712,F0279,39
D4713,F0063,55
D4714,F0119,62
D4715,F0123,58
D4716,F0170,58
D4717,F0162,38
D4718,F0032,37
D4719,F0229,58
D4720,F0068,56
D4721,F0095,56
D4722,F0253,46
D4723,F0207,49
D4724,F0119,33
D4725,F0274,42
D4726,F0119,49
D4727,F0170,37
D4728,F0074,37
D4729,F0055,34
D4730,F0148,39
D4731,F0169,64
D4732,F0242,55
D4733,F0118,63
D4734,F0269,41
D4735,F0183,52
D4736,F0022,61
D4737,F0222,44
D4738,F0173,54
D4739,F0117,55
D4740,F0141,59
D4741,F0091,64
D4742,F0185,52
D4743,F0171,51
D4744,F0135,60
D4745,F0086,54
D4746,F0120,44
D4747,F0150,53
D4748,F0142,50
D4749,F0093,40
D4750,F0175,49
D4751,F0068,52
D4752,F0151,61
D4753,F0037,51
D4754,F0142,38
D4755,F0236,64
D4756,F0246,51
D4757,F0209,42
D4758,F0224,57
D4759,F0020,45
D4760,F0103,44
D4761,F0197,59
D4762,F0241,60
D4763,F0175,49
D4764,F0257,44
D4765,F0082,60
D4766,F0047,38
D4767,F0026,56
D4768,F0175,51
D4769,F0200,60
D4770,F0086,46
D4771,F0236,59
D4772,F0222,33
D4773,F0109,57
D4774,F0072,35
D4775,F0223,53
D4776,F0202,39
D4777,F0052,63
D4778,F0077,57
D4779,F0146,36
D4780,F0154,61
D4781,F0050,41
D4782,F0285,50
D4783,F0117,35
D4784,F0115,36
D4785,F0019,40
D4786,F0263,50
D4787,F0071,50
D4788,F0297,60
D4789,F0149,38
D4790,F0263,56
D4791,F0054,33
D4792,F0050,42
D4793,F0241,38
D4794,F0246,36
D4795,F0163,51
D4796,F0010,61
D4797,F0284,54
D4798,F0118,60
D4799,F0281,51
D4800,F0262,34
D4801,F0256,44
D4802,F0207,59
D4803,F0202,34
D4804,F0160,36
D4805,F0008,59
D4806,F0117,35
D4807,F0220,63
D4808,F0244,57
D4809,F0168,54
D4810,F0213,50
D4811,F0007,35
D4812,F0141,46
D4813,F0153,58
D4814,F0268,61
D4815,F0094,47
D4816,F0069,59
D4817,F0106,57
D4818,F0052,34
D4819,F0168,52
D4820,F0193,52
D4821,F0241,50
D4822,F0292,57
D4823,F0023,61
D4824,F0075,50
D4825,F0091,43
D4826,F0075,64
D4827,F0249,63
D4828,F0042,54
D4829,F0009,53
D4830,F0259,36
D4831,F0289,45
D4832,F0068,39
D4833,F0100,49
D4834,F0151,59
D4835,F0158,40
D4836,F0298,64
D4837,F0122,37
D4838,F0004,36
D4839,F0127,64
D4840,F0167,36
D4841,F0156,56
D4842,F0154,57
D4843,F0277,43
D4844,F0243,35
D4845,F0076,42
D4846,F0107,35
D4847,F0201,54
D4848,F0124,61
D4849,F0129,64
D4850,F0051,58
D4851,F0077,57
D4852,F0223,61
D4853,F0253,57
D4854,F0236,53
D4855,F0093,64
D4856,F0041,43
D4857,F0048,46
D4858,F0119,62
D4859,F0156,42
D4860,F0268,42
D4861,F0270,37
D4862,F0001,41
D4863,F0213,51
D4864,F0090,61
D4865,F0060,37
D4866,F0167,54
D4867,F0011,57
D4868,F0101,61
D4869,F0166,57
D4870,F0082,37
D4871,F0179,48
D4872,F0139,63
D4873,F0240,62
D4874,F0055,52
D4875,F0018,63
D4876,F0159,54
D4877,F0078,35
D4878,F0213,62
D4879,F0028,38
D4880,F0173,45
D4881,F0297,40
D4882,F0028,56
D4883,F0091,33
D4884,F0254,53
D4885,F0161,60
D4886,F0053,58
D4887,F0064,42
D4888,F0230,61
D4889,F0259,44
D4890,F0109,54
D4891,F0143,49
D4892,F0235,35
D4893,F0054,33
D4894,F0062,38
D4895,F0233,62
D4896,F0056,63
D4897,F0232,46
D4898,F0150,63
D4899,F0298,34
D4900,F0010,63
D4901,F0284,40
D4902,F0068,34
D4903,F0011,57
D4904,F0218,45
D4905,F0160,42
D4906,F0252,57
D4907,F0033,43
D4908,F0025,57
D4909,F0171,39
D4910,F0265,35
D4911,F0122,43
D4912,F0240,52
D4913,F0272,40
D4914,F0261,37
D4915,F0153,56
D4916,F0210,48
D4917,F0158,46
D4918,F0203,40
D4919,F0171,33
D4920,F0158,34
D4921,F0132,54
D4922,F0196,35
D4923,F0226,40
D4924,F0276,62
D4925,F0184,44
D4926,F0031,56
D4927,F0177,43
D4928,F0095,62
D4929,F0009,59
D4930,F0022,48
D4931,F0178,54
D4932,F0284,46
D4933,F0152,63
D4934,F0134,44
D4935,F0027,59
D4936,F0203,52
D4937,F0017,53
D4938,F0253,44
D4939,F0245,59
D4940,F0298,56
D4941,F0086,59
D4942,F0049,58
D4943,F0090,38
D4944,F0240,61
D4945,F0066,59
D4946,F0267,40
D4947,F0047,64
D4948,F0015,49
D4949,F0066,43
D4950,F0227,40
D4951,F0181,44
D4952,F0107,34
D4953,F0197,55
D4954,F0195,55
D4955,F0167,54
D4956,F0155,50
D4957,F0031,44
D4958,F0078,56
D4959,F0159,60
D4960,F0041,35
D4961,F0143,45
D4962,F0036,64
D4963,F0237,60
D4964,F0031,64
D4965,F0028,38
D4966,F0192,47
D4967,F0067,37
D4968,F0106,60
D4969,F0095,49
D4970,F0065,40
D4971,F0229,35
D4972,F0208,56
D4973,F0072,58
D4974,F0207,61
D4975,F0215,64
D4976,F0162,59
D4977,F0174,58
D4978,F0281,58
D4979,F0137,64
D4980,F0116,47
D4981,F0162,57
D4982,F0251,59
D4983,F0213,36
D4984,F0023,55
D4985,F0138,43
D4986,F0222,37
D4987,F0068,38
D4988,F0297,36
D4989,F0243,61
D4990,F0254,57
D4991,F0025,36
D4992,F0174,53
D4993,F0159,54
D4994,F0189,49
D4995,F0256,52
D4996,F0106,62
D4997,F0161,49
D4998,F0204,54
D4999,F0226,51
D5000,F0232,45
D5001,F0102,61
D5002,F0300,46
D5003,F0003,58
D5004,F0148,52
D5005,F0183,54
D5006,F0019,57
D5007,F0136,56
D5008,F0179,51
D5009,F0183,52
D5010,F0036,49
D5011,F0084,43
D5012,F0074,56
D5013,F0192,61
D5014,F0099,55
D5015,F0172,57
D5016,F0220,59
D5017,F0240,44
D5018,F0056,35
D5019,F0272,43
D5020,F0050,57
D5021,F0007,59
D5022,F0014,49
D5023,F0061,57
D5024,F0262,35
D5025,F0063,53
D5026,F0209,54
D5027,F0126,49
D5028,F0012,55
D5029,F0134,48
D5030,F0009,49
D5031,F0143,52
D5032,F0168,58
D5033,F0157,40
D5034,F0085,42
D5035,F0230,46
D5036,F0180,39
D5037,F0077,43
D5038,F0131,44
D5039,F0033,43
D5040,F0277,46
D5041,F0226,49
D5042,F0087,55
D5043,F0203,42
D5044,F0204,60
D5045,F0183,48
D5046,F0017,56
D5047,F0264,36
D5048,F0287,38
D5049,F0293,47
D5050,F0295,44
D5051,F0279,48
D5052,F0222,38
D5053,F0018,48
D5054,F0140,54
D5055,F0074,56
D5056,F0066,40
D5057,F0250,44
D5058,F0244,49
D5059,F0157,49
D5060,F0221,58
D5061,F0039,45
D5062,F0067,54
D5063,F0259,61
D5064,F0136,42
D5065,F0164,59
D5066,F0139,43
D5067,F0061,43
D5068,F0248,53
D5069,F0228,52
D5070,F0206,50
D5071,F0106,40
D5072,F0193,36
D5073,F0286,62
D5074,F0195,60
D5075,F0149,61
D5076,F0082,49
D5077,F0157,61
D5078,F0112,48
D5079,F0184,35
D5080,F0014,39
D5081,F0058,41
D5082,F0237,45
D5083,F0115,63
D5084,F0130,43
D5085,F0164,52
D5086,F0132,41
D5087,F0228,53
D5088,F0074,51
D5089,F0228,37
D5090,F0063,47
D5091,F0112,36
D5092,F0177,61
D5093,F0266,55
D5094,F0070,63
D5095,F0177,61
D5096,F0020,40
D5097,F0023,55
D5098,F0231,36
D5099,F0216,63
D5100,F0113,58
D5101,F0187,54
D5102,F0115,64
D5103,F0084,60
D5104,F0130,60
D5105,F0094,36
D5106,F0245,33
D5107,F0124,63
D5108,F0097,41
D5109,F0161,46
D5110,F0228,34
D5111,F0083,52
D5112,F0282,59
D5113,F0140,59
D5114,F0199,51
D5115,F0288,54
D5116,F0130,49
D5117,F0060,47
D5118,F0225,50
D5119,F0002,62
D5120,F0138,41
D5121,F0294,48
D5122,F0125,52
D5123,F0206,51
D5124,F0158,33
D5125,F0065,42
D5126,F0096,53
D5127,F0158,55
D5128,F0032,56
D5129,F0125,64
D5130,F0125,54
D5131,F0251,51
D5132,F0038,43
D5133,F0253,44
D5134,F0124,59
D5135,F0196,47
D5136,F0168,55
D5137,F0090,36
D5138,F0280,37
D5139,F0068,39
D5140,F0011,39
D5141,F0226,52
D5142,F0187,53
D5143,F0268,50
D5144,F0138,42
D5145,F0006,51
D5146,F0007,36
D5147,F0130,48
D5148,F0075,37
D5149,F0277,35
D5150,F0036,38
D5151,F0265,36
D5152,F0066,48
D5153,F0036,50
D5154,F0083,52
D5155,F0044,47
D5156,F0121,38
D5157,F0100,33
D5158,F0159,55
D5159,F0162,64
D5160,F0001,41
D5161,F0038,39
D5162,F0049,42
D5163,F0059,39
D5164,F0029,40
D5165,F0095,48
D5166,F0165,58
D5167,F0093,55
D5168,F0099,63
D5169,F0141,44
D5170,F0165,48
D5171,F0100,45
D5172,F0067,34
D5173,F0123,45
D5174,F0008,41
D5175,F0148,48
D5176,F0283,38
D5177,F0120,56
D5178,F0033,59
D5179,F0213,63
D5180,F0039,35
D5181,F0059,36
D5182,F0044,63
D5183,F0266,60
D5184,F0295,51
D5185,F0171,43
D5186,F0186,49
D5187,F0194,50
D5188,F0184,60
D5189,F0164,49
D5190,F0297,33
D5191,F0220,55
D5192,F0027,57
D5193,F0118,42
D5194,F0293,36
D5195,F0122,37
D5196,F0062,59
D5197,F0261,47
D5198,F0187,49
D5199,F0169,63
D5200,F0127,34
D5201,F0038,39
D5202,F0116,59
D5203,F0132,50
D5204,F0280,33
D5205,F0093,55
D5206,F0045,37
D5207,F0129,58
D5208,F0300,58
D5209,F0145,59
D5210,F0114,47
D5211,F0201,41
D5212,F0195,61
D5213,F0090,50
D5214,F0291,53
D5215,F0178,37
D5216,F0018,52
D5217,F0123,51
D5218,F0277,42
D5219,F0119,57
D5220,F0171,37
D5221,F0184,56
D5222,F0212,63
D5223,F0262,51
D5224,F0045,36
D5225,F0156,50
D5226,F0161,49
D5227,F0046,50
D5228,F0203,41
D5229,F0036,53
D5230,F0137,41
D5231,F0100,50
D5232,F0047,52
D5233,F0247,53
D5234,F0074,58
D5235,F0077,61
D5236,F0257,57
D5237,F0264,58
D5238,F0011,60
D5239,F0084,40
D5240,F0213,42
D5241,F0234,50
D5242,F0300,47
D5243,F0167,55
D5244,F0003,33
D5245,F0263,37
D5246,F0049,56
D5247,F0037,59
D5248,F0203,42
D5249,F0182,42
D5250,F0018,50
D5251,F0051,48
D5252,F0177,38
D5253,F0077,49
D5254,F0206,59
D5255,F0124,56
D5256,F0177,59
D5257,F0143,53
D5258,F0110,61
D5259,F0103,40
D5260,F0210,34
D5261,F0155,36
D5262,F0179,64
D5263,F0174,53
D5264,F0063,40
D5265,F0274,60
D5266,F0169,42
D5267,F0216,52
D5268,F0265,40
D5269,F0278,36
D5270,F0201,41
D5271,F0237,40
D5272,F0142,50
D5273,F0222,33
D5274,F0097,40
D5275,F0214,51
D5276,F0026,45
D5277,F0275,53
D5278,F0074,53
D5279,F0197,63
D5280,F0004,59
D5281,F0047,40
D5282,F0296,55
D5283,F0251,53
D5284,F0067,52
D5285,F0040,58
D5286,F0245,37
D5287,F0298,45
D5288,F0051,59
D5289,F0200,61
D5290,F0086,34
D5291,F0224,48
D5292,F0126,41
D5293,F0038,38
D5294,F0098,34
D5295,F0162,50
D5296,F0240,54
D5297,F0007,50
D5298,F0288,44
D5299,F0195,57
D5300,F0263,53
D5301,F0280,62
D5302,F0047,44
D5303,F0029,40
D5304,F0234,47
D5305,F0057,49
D5306,F0045,47
D5307,F0141,59
D5308,F0275,34
D5309,F0239,49
D5310,F0156,46
D5311,F0059,39
D5312,F0101,53
D5313,F0207,58
D5314,F0048,50
D5315,F0158,35
D5316,F0004,35
D5317,F0098,46
D5318,F0075,54
D5319,F0205,43
D5320,F0275,42
D5321,F0044,60
D5322,F0240,33
D5323,F0197,35
D5324,F0291,37
D5325,F0274,64
D5326,F0031,48
D5327,F0223,38
D5328,F0178,42
D5329,F0034,64
D5330,F0078,55
D5331,F0279,40
D5332,F0163,40
D5333,F0102,35
D5334,F0097,57
D5335,F0252,37
D5336,F0086,42
D5337,F0048,44
D5338,F0173,52
D5339,F0298,52
D5340,F0055,58
D5341,F0077,42
D5342,F0141,45
D5343,F0060,45
D5344,F0196,34
D5345,F0077,56
D5346,F0039,50
D5347,F0079,48
D5348,F0280,64
D5349,F0281,38
D5350,F0152,64
D5351,F0121,54
D5352,F0246,40
D5353,F0059,54
D5354,F0197,57
D5355,F0205,44
D5356,F0214,44
D5357,F0066,59
D5358,F0215,38
D5359,F0184,33
D5360,F0263,54
D5361,F0053,62
D5362,F0185,49
D5363,F0249,37
D5364,F0084,50
D5365,F0224,41
D5366,F0030,59
D5367,F0216,52
D5368,F0182,43
D5369,F0058,52
D5370,F0020,54
D5371,F0224,54
D5372,F0073,44
D5373,F0150,51
D5374,F0019,34
D5375,F0290,45
D5376,F0165,45
D5377,F0280,50
D5378,F0049,63
D5379,F0062,63
D5380,F0184,48
D5381,F0182,53
D5382,F0238,36
D5383,F0279,48
D5384,F0247,55
D5385,F0043,54
D5386,F0093,63
D5387,F0275,47
D5388,F0165,62
D5389,F0261,64
D5390,F0169,51
D5391,F0015,35
D5392,F0142,45
D5393,F0248,57
D5394,F0197,51
D5395,F0040,62
D5396,F0064,59
D5397,F0257,35
D5398,F0294,60
D5399,F0226,44
D5400,F0030,59
D5401,F0186,49
D5402,F0249,47
D5403,F0193,35
D5404,F0179,36
D5405,F0141,52
D5406,F0074,51
D5407,F0085,50
D5408,F0224,38
D5409,F0021,49
D5410,F0026,34
D5411,F0119,37
D5412,F0233,48
D5413,F0198,52
D5414,F0177,53
D5415,F0161,64
D5416,F0034,60
D5417,F0100,45
D5418,F0024,58
D5419,F0228,36
D5420,F0226,60
D5421,F0078,45
D5422,F0088,57
D5423,F0096,64
D5424,F0267,55
D5425,F0147,62
D5426,F0229,33
D5427,F0135,38
D5428,F0210,53
D5429,F0159,50
D5430,F0084,36
D5431,F0263,55
D5432,F0213,34
D5433,F0231,64
D5434,F0285,38
D5435,F0075,47
D5436,F0028,59
D5437,F0175,49
D5438,F0098,56
D5439,F0131,55
D5440,F0071,63
D5441,F0120,47
D5442,F0118,64
D5443,F0106,49
D5444,F0223,61
D5445,F0178,56
D5446,F0143,37
D5447,F0034,53
D5448,F0172,61
D5449,F0053,37
D5450,F0095,59
D5451,F0125,36
D5452,F0043,60
D5453,F0117,58
D5454,F0081,37
D5455,F0255,56
D5456,F0258,36
D5457,F0002,51
D5458,F0181,62
D5459,F0193,39
D5460,F0114,38
D5461,F0141,46
D5462,F0237,44
D5463,F0114,34
D5464,F0020,47
D5465,F0112,41
D5466,F0077,36
D5467,F0115,41
D5468,F0070,33
D5469,F0045,62
D5470,F0296,64
D5471,F0039,44
D5472,F0212,61
D5473,F0216,47
D5474,F0186,62
D5475,F0274,38
D5476,F0002,42
D5477,F0091,56
D5478,F0056,40
D5479,F0174,59
D5480,F0191,46
D5481,F0270,45
D5482,F0114,47
D5483,F0071,58
D5484,F0278,33
D5485,F0202,57
D5486,F0230,57
D5487,F0134,59
D5488,F0135,64
D5489,F0117,58
D5490,F0225,49
D5491,F0064,47
D5492,F0293,45
D5493,F0053,59
D5494,F0139,45
D5495,F0095,51
D5496,F0193,36
D5497,F0205,43
D5498,F0276,41
D5499,F0237,46
D5500,F0075,49
D5501,F0062,55
D5502,F0266,46
D5503,F0147,37
D5504,F0030,50
D5505,F0248,34
D5506,F0195,60
D5507,F0008,57
D5508,F0235,40
D5509,F0183,41
D5510,F0185,33
D5511,F0260,44
D5512,F0149,34
D5513,F0139,62
D5514,F0186,37
D5515,F0060,54
D5516,F0046,51
D5517,F0254,40
D5518,F0065,58
D5519,F0152,36
D5520,F0081,61
D5521,F0070,56
D5522,F0180,53
D5523,F0241,61
D5524,F0133,45
D5525,F0042,42
D5526,F0074,37
D5527,F0050,62
D5528,F0265,45
D5529,F0096,59
D5530,F0113,43
D5531,F0022,63
D5532,F0134,60
D5533,F0275,42
D5534,F0123,48
D5535,F0196,58
D5536,F0055,40
D5537,F0043,33
D5538,F0220,42
D5539,F0020,51
D5540,F0135,37
D5541,F0096,43
D5542,F0005,62
D5543,F0160,35
D5544,F0290,34
D5545,F0021,46
D5546,F0245,33
D5547,F0162,33
D5548,F0218,38
D5549,F0029,36
D5550,F0261,58
D5551,F0004,36
D5552,F0273,49
D5553,F0198,55
D5554,F0102,53
D5555,F0003,53
D5556,F0184,44
D5557,F0027,61
D5558,F0183,35
D5559,F0232,36
D5560,F0081,60
D5561,F0072,35
D5562,F0067,39
D5563,F0068,38
D5564,F0035,34
D5565,F0075,36
D5566,F0198,51
D5567,F0091,54
D5568,F0235,35
D5569,F0246,63
D5570,F0229,36
D5571,F0162,54
D5572,F0095,58
D5573,F0279,49
D5574,F0062,48
D5575,F0140,36
D5576,F0137,40
D5577,F0224,60
D5578,F0165,44
D5579,F0240,34
D5580,F0276,56
D5581,F0118,54
D5582,F0263,35
D5583,F0051,34
D5584,F0275,36
D5585,F0054,34
D5586,F0256,52
D5587,F0118,37
D5588,F0290,52
D5589,F0039,38
D5590,F0140,64
D5591,F0271,56
D5592,F0015,44
D5593,F0080,46
D5594,F0026,35
D5595,F0097,34
D5596,F0118,50
D5597,F0186,33
D5598,F0078,53
D5599,F0048,45
D5600,F0051,37
D5601,F0282,50
D5602,F0286,50
D5603,F0067,56
D5604,F0059,39
D5605,F0017,50
D5606,F0288,60
D5607,F0212,41
D5608,F0229,59
D5609,F0088,56
D5610,F0193,46
D5611,F0018,61
D5612,F0203,63
D5613,F0174,40
D5614,F0100,64
D5615,F0214,33
D5616,F0194,37
D5617,F0132,34
D5618,F0057,44
D5619,F0008,62
D5620,F0282,52
D5621,F0085,52
D5622,F0091,35
D5623,F0205,49
D5624,F0077,45
D5625,F0113,48
D5626,F0214,41
D5627,F0179,39
D5628,F0197,63
D5629,F0002,50
D5630,F0136,46
D5631,F0143,35
D5632,F0190,57
D5633,F0046,48
D5634,F0048,45
D5635,F0229,54
D5636,F0202,37
D5637,F0244,50
D5638,F0082,60
D5639,F0300,47
D5640,F0082,33
D5641,F0196,40
D5642,F0049,34
D5643,F0276,49
D5644,F0100,44
D5645,F0241,37
D5646,F0100,54
D5647,F0238,38
D5648,F0137,43
D5649,F0019,64
D5650,F0058,35
D5651,F0206,40
D5652,F0058,43
D5653,F0083,49
D5654,F0163,40
D5655,F0076,64
D5656,F0039,33
D5657,F0188,63
D5658,F0207,50
D5659,F0220,34
D5660,F0284,36
D5661,F0038,36
D5662,F0129,42
D5663,F0071,43
D5664,F0271,53
D5665,F0162,42
D5666,F0030,56
D5667,F0208,42
D5668,F0013,41
D5669,F0083,41
D5670,F0217,43
D5671,F0152,59
D5672,F0229,40
D5673,F0172,41
D5674,F0253,63
D5675,F0169,53
D5676,F0018,39
D5677,F0022,60
D5678,F0234,38
D5679,F0012,38
D5680,F0113,47
D5681,F0005,55
D5682,F0092,39
D5683,F0179,57
D5684,F0052,38
D5685,F0140,58
D5686,F0299,36
D5687,F0022,47
D5688,F0020,53
D5689,F0082,41
D5690,F0249,52
D5691,F0122,55
D5692,F0192,53
D5693,F0011,45
D5694,F0221,57
D5695,F0021,56
D5696,F0214,43
D5697,F0045,56
D5698,F0258,62
D5699,F0089,59
D5700,F0056,56
D5701,F0102,57
D5702,F0001,58
D5703,F0050,42
D5704,F0180,56
D5705,F0091,39
D5706,F0107,44
D5707,F0243,62
D5708,F0038,42
D5709,F0119,59
D5710,F0056,46
D5711,F0145,39
D5712,F0100,36
D5713,F0014,50
D5714,F0022,47
D5715,F0256,49
D5716,F0018,34
D5717,F0235,41
D5718,F0275,33
D5719,F0140,42
D5720,F0094,62
D5721,F0233,37
D5722,F0295,55
D5723,F0037,33
D5724,F0290,50
D5725,F0284,62
D5726,F0043,43
D5727,F0017,39
D5728,F0215,51
D5729,F0024,41
D5730,F0181,61
D5731,F0020,60
D5732,F0208,53
D5733,F0070,53
D5734,F0029,52
D5735,F0020,56
D5736,F0057,47
D5737,F0163,64
D5738,F0023,44
D5739,F0241,33
D5740,F0182,55
D5741,F0090,54
D5742,F0296,64
D5743,F0198,45
D5744,F0202,46
D5745,F0053,50
D5746,F0214,45
D5747,F0168,58
D5748,F0296,46
D5749,F0144,58
D5750,F0204,46
D5751,F0103,40
D5752,F0013,64
D5753,F0039,49
D5754,F0261,55
D5755,F0222,51
D5756,F0110,44
D5757,F0210,64
D5758,F0002,44
D5759,F0012,64
D5760,F0153,46
D5761,F0188,33
D5762,F0282,34
D5763,F0228,64
D5764,F0078,49
D5765,F0245,45
D5766,F0148,58
D5767,F0248,52
D5768,F0053,54
D5769,F0008,54
D5770,F0018,39
D5771,F0298,35
D5772,F0025,56
D5773,F0282,33
D5774,F0219,56
D5775,F0044,37
D5776,F0260,41
D5777,F0044,55
D5778,F0043,52
D5779,F0173,58
D5780,F0087,52
D5781,F0088,34
D5782,F0059,59
D5783,F0183,39
D5784,F0009,37
D5785,F0074,61
D5786,F0167,39
D5787,F0146,50
D5788,F0210,48
D5789,F0065,57
D5790,F0195,34
D5791,F0228,36
D5792,F0117,46
D5793,F0078,48
D5794,F0167,58
D5795,F0174,52
D5796,F0029,37
D5797,F0170,64
D5798,F0047,47
D5799,F0171,63
D5800,F0280,64
D5801,F0162,34
D5802,F0229,49
D5803,F0093,46
D5804,F0277,48
D5805,F0244,42
D5806,F0276,50
D5807,F0223,48
D5808,F0195,38
D5809,F0158,42
D5810,F0279,37
D5811,F0255,59
D5812,F0126,54
D5813,F0026,45
D5814,F0002,45
D5815,F0071,35
D5816,F0019,42
D5817,F0064,62
D5818,F0033,34
D5819,F0295,37
D5820,F0029,60
D5821,F0189,49
D5822,F0106,34
D5823,F0053,48
D5824,F0211,56
D5825,F0292,44
D5826,F0238,45
D5827,F0293,53
D5828,F0178,52
D5829,F0203,61
D5830,F0044,40
D5831,F0256,41
D5832,F0225,37
D5833,F0077,54
D5834,F0107,50
D5835,F0184,44
D5836,F0004,55
D5837,F0246,45
D5838,F0085,39
D5839,F0023,50
D5840,F0100,46
D5841,F0251,45
D5842,F0083,47
D5843,F0162,62
D5844,F0244,39
D5845,F0011,41
D5846,F0228,51
D5847,F0087,34
D5848,F0209,37
D5849,F0057,51
D5850,F0042,49
D5851,F0237,53
D5852,F0243,36
D5853,F0295,60
D5854,F0204,48
D5855,F0140,37
D5856,F0059,42
D5857,F0089,40
D5858,F0195,47
D5859,F0104,48
D5860,F0146,46
D5861,F0051,47
D5862,F0132,62
D5863,F0072,63
D5864,F0034,48
D5865,F0040,63
D5866,F0156,59
D5867,F0110,59
D5868,F0030,40
D5869,F0155,47
D5870,F0050,44
D5871,F0005,36
D5872,F0040,35
D5873,F0135,52
D5874,F0287,46
D5875,F0073,59
D5876,F0086,54
D5877,F0073,35
D5878,F0107,59
D5879,F0216,48
D5880,F0097,51
D5881,F0198,63
D5882,F0270,53
D5883,F0284,33
D5884,F0169,38
D5885,F0214,46
D5886,F0276,34
D5887,F0237,38
D5888,F0090,58
D5889,F0040,37
D5890,F0035,38
D5891,F0265,49
D5892,F0167,35
D5893,F0089,41
D5894,F0104,63
D5895,F0085,53
D5896,F0241,63
D5897,F0184,44
D5898,F0264,52
D5899,F0091,40
D5900,F0142,45
D5901,F0037,38
D5902,F0292,59
D5903,F0154,38
D5904,F0166,39
D5905,F0125,47
D5906,F0082,46
D5907,F0285,43
D5908,F0147,44
D5909,F0203,42
D5910,F0012,62
D5911,F0083,51
D5912,F0242,62
D5913,F0027,64
D5914,F0031,53
D5915,F0243,59
D5916,F0093,36
D5917,F0083,63
D5918,F0170,48
D5919,F0059,55
D5920,F0013,40
D5921,F0002,36
D5922,F0024,61
D5923,F0048,47
D5924,F0209,37
D5925,F0090,54
D5926,F0022,34
D5927,F0005,47
D5928,F0144,55
D5929,F0253,56
D5930,F0102,47
D5931,F0020,44
D5932,F0069,59
D5933,F0150,38
D5934,F0057,35
D5935,F0294,38
D5936,F0230,58
D5937,F0104,48
D5938,F0286,34
D5939,F0098,38
D5940,F0043,33
D5941,F0282,59
D5942,F0288,47
D5943,F0094,35
D5944,F0179,40
D5945,F0052,52
D5946,F0193,51
D5947,F0208,59
D5948,F0213,33
D5949,F0171,35
D5950,F0212,34
D5951,F0167,45
D5952,F0246,56
D5953,F0054,54
D5954,F0146,39
D5955,F0125,54
D5956,F0161,54
D5957,F0043,39
D5958,F0098,56
D5959,F0287,46
D5960,F0032,34
D5961,F0191,45
D5962,F0200,57
D5963,F0143,55
D5964,F0011,41
D5965,F0011,57
D5966,F0083,45
D5967,F0031,47
D5968,F0029,35
D5969,F0049,64
D5970,F0058,59
D5971,F0252,39
D5972,F0192,50
D5973,F0010,57
D5974,F0189,49
D5975,F0042,39
D5976,F0127,63
D5977,F0012,41
D5978,F0028,43
D5979,F0040,44
D5980,F0131,61
D5981,F0139,49
D5982,F0106,56
D5983,F0187,61
D5984,F0217,62
D5985,F0219,60
D5986,F0174,62
D5987,F0164,63
D5988,F0148,64
D5989,F0072,53
D5990,F0147,37
D5991,F0004,36
D5992,F0290,58
D5993,F0112,43
D5994,F0227,58
D5995,F0288,62
D5996,F0150,53
D5997,F0259,57
D5998,F0144,41
D5999,F0040,46
D6000,F0008,63
