product_id,area,fiscal_year,avg_required_fte,max_required_fte
ALC,CS,FY2026,19.08,19.64
ALC,CS,FY2027,16.88,18.81
ALC,CS,FY2028,11.0,11.91
ALC,CS,FY2029,0.72,1.44
ALC,CS,FY2030,0.0,0.0
ALC,CS,FY2031,0.0,0.0
ALC,CS,FY2032,0.0,0.0
ALC,CS,FY2033,0.0,0.0
ALC,CS,FY2034,0.0,0.0
ALC,CS,FY2035,0.0,0.0
CUV,CS,FY2026,40.74,42.03
CUV,CS,FY2027,40.16,40.51
CUV,CS,FY2028,40.68,40.97
CUV,CS,FY2029,45.54,47.17
CUV,CS,FY2030,50.2,52.06
CUV,CS,FY2031,60.96,63.84
CUV,CS,FY2032,70.91,74.21
CUV,CS,FY2033,90.44,92.08
CUV,CS,FY2034,92.07,92.08
CUV,CS,FY2035,92.04,92.05
ENT,CS,FY2026,54.76,55.98
ENT,CS,FY2027,52.29,52.39
ENT,CS,FY2028,60.74,62.67
ENT,CS,FY2029,58.58,60.02
ENT,CS,FY2030,61.13,63.54
ENT,CS,FY2031,58.84,59.75
ENT,CS,FY2032,60.65,62.26
ENT,CS,FY2033,76.36,77.85
ENT,CS,FY2034,78.04,78.1
ENT,CS,FY2035,78.28,78.34
GLI,CS,FY2026,34.14,34.99
GLI,CS,FY2027,52.18,52.66
GLI,CS,FY2028,52.98,53.4
GLI,CS,FY2029,58.85,61.01
GLI,CS,FY2030,65.08,67.57
GLI,CS,FY2031,79.35,83.21
GLI,CS,FY2032,92.78,97.21
GLI,CS,FY2033,118.82,121.06
GLI,CS,FY2034,121.21,121.25
GLI,CS,FY2035,121.38,121.42
GLO,CS,FY2026,2.82,3.21
GLO,CS,FY2027,0.0,0.0
GLO,CS,FY2028,0.0,0.0
GLO,CS,FY2029,0.0,0.0
GLO,CS,FY2030,0.0,0.0
GLO,CS,FY2031,0.0,0.0
GLO,CS,FY2032,0.0,0.0
GLO,CS,FY2033,0.0,0.0
GLO,CS,FY2034,0.0,0.0
GLO,CS,FY2035,0.0,0.0
HYQ,CS,FY2026,26.92,27.77
HYQ,CS,FY2027,26.52,26.76
HYQ,CS,FY2028,26.87,27.06
HYQ,CS,FY2029,30.06,31.14
HYQ,CS,FY2030,33.14,34.37
HYQ,CS,FY2031,40.26,42.16
HYQ,CS,FY2032,46.83,49.01
HYQ,CS,FY2033,59.73,60.82
HYQ,CS,FY2034,60.8,60.81
HYQ,CS,FY2035,60.78,60.79
INT,CS,FY2026,17.46,27.07
INT,CS,FY2027,0.0,0.0
INT,CS,FY2028,0.0,0.0
INT,CS,FY2029,0.0,0.0
INT,CS,FY2030,0.0,0.0
INT,CS,FY2031,0.0,0.0
INT,CS,FY2032,0.0,0.0
INT,CS,FY2033,0.0,0.0
INT,CS,FY2034,0.0,0.0
INT,CS,FY2035,0.0,0.0
LIV,CS,FY2026,33.12,33.73
LIV,CS,FY2027,34.68,38.02
LIV,CS,FY2028,32.21,33.39
LIV,CS,FY2029,32.96,33.93
LIV,CS,FY2030,32.51,33.04
LIV,CS,FY2031,30.95,31.53
LIV,CS,FY2032,26.36,27.54
LIV,CS,FY2033,0.0,0.0
LIV,CS,FY2034,0.0,0.0
LIV,CS,FY2035,0.0,0.0
LVM,PS,FY2026,12.46,12.53
LVM,PS,FY2027,12.79,13.19
LVM,PS,FY2028,12.81,13.31
LVM,PS,FY2029,12.98,13.2
LVM,PS,FY2030,13.54,13.65
LVM,PS,FY2031,14.01,14.13
LVM,PS,FY2032,15.6,15.6
LVM,PS,FY2033,15.6,15.6
LVM,PS,FY2034,15.6,15.6
LVM,PS,FY2035,15.6,15.6
OVE,CS,FY2026,9.32,12.59
OVE,CS,FY2027,11.97,12.07
OVE,CS,FY2028,11.2,11.4
OVE,CS,FY2029,11.65,11.83
OVE,CS,FY2030,11.29,11.3
OVE,CS,FY2031,11.64,11.68
OVE,CS,FY2032,11.23,11.26
OVE,CS,FY2033,12.1,12.31
OVE,CS,FY2034,11.72,11.76
OVE,CS,FY2035,11.57,11.61
REV,CS,FY2026,31.09,31.67
REV,CS,FY2027,29.36,29.36
REV,CS,FY2028,31.96,33.53
REV,CS,FY2029,30.42,31.23
REV,CS,FY2030,30.96,31.17
REV,CS,FY2031,30.16,30.58
REV,CS,FY2032,26.34,27.3
REV,CS,FY2033,6.34,12.67
REV,CS,FY2034,0.0,0.0
REV,CS,FY2035,0.0,0.0
RPL,PS,FY2026,12.58,12.6
RPL,PS,FY2027,12.3,12.44
RPL,PS,FY2028,13.09,14.1
RPL,PS,FY2029,13.42,13.57
RPL,PS,FY2030,13.6,13.71
RPL,PS,FY2031,14.07,14.2
RPL,PS,FY2032,15.67,15.67
RPL,PS,FY2033,15.67,15.67
RPL,PS,FY2034,15.67,15.67
RPL,PS,FY2035,15.67,15.67
TKZ,PS,FY2026,8.71,8.77
TKZ,PS,FY2027,9.11,9.24
TKZ,PS,FY2028,7.62,7.78
TKZ,PS,FY2029,7.18,7.42
TKZ,PS,FY2030,5.96,6.29
TKZ,PS,FY2031,4.58,4.94
TKZ,PS,FY2032,0.0,0.0
TKZ,PS,FY2033,0.0,0.0
TKZ,PS,FY2034,0.0,0.0
TKZ,PS,FY2035,0.0,0.0
TRI,CS,FY2026,54.94,55.84
TRI,CS,FY2027,59.84,64.07
TRI,CS,FY2028,50.18,51.09
TRI,CS,FY2029,45.53,49.36
TRI,CS,FY2030,34.39,36.04
TRI,CS,FY2031,7.41,14.82
TRI,CS,FY2032,0.0,0.0
TRI,CS,FY2033,0.0,0.0
TRI,CS,FY2034,0.0,0.0
TRI,CS,FY2035,0.0,0.0
VON,PS,FY2026,11.24,11.27
VON,PS,FY2027,10.8,10.93
VON,PS,FY2028,11.48,11.83
VON,PS,FY2029,11.42,11.61
VON,PS,FY2030,11.91,12.01
VON,PS,FY2031,12.33,12.44
VON,PS,FY2032,13.73,13.73
VON,PS,FY2033,13.73,13.73
VON,PS,FY2034,13.73,13.73
VON,PS,FY2035,13.73,13.73
VPR,CS,FY2026,25.42,25.81
VPR,CS,FY2027,25.55,27.37
VPR,CS,FY2028,23.35,24.21
VPR,CS,FY2029,23.16,23.3
VPR,CS,FY2030,20.96,21.43
VPR,CS,FY2031,19.34,19.9
VPR,CS,FY2032,8.28,16.56
VPR,CS,FY2033,0.0,0.0
VPR,CS,FY2034,0.0,0.0
VPR,CS,FY2035,0.0,0.0
VYV,CS,FY2026,30.21,30.82
VYV,CS,FY2027,28.2,28.43
VYV,CS,FY2028,36.48,37.47
VYV,CS,FY2029,29.32,30.58
VYV,CS,FY2030,26.02,26.43
VYV,CS,FY2031,24.82,25.28
VYV,CS,FY2032,21.17,22.1
VYV,CS,FY2033,0.0,0.0
VYV,CS,FY2034,0.0,0.0
VYV,CS,FY2035,0.0,0.0
WSA,CS,FY2026,0.0,0.0
WSA,CS,FY2027,0.0,0.0
WSA,CS,FY2028,0.0,0.0
WSA,CS,FY2029,10.79,11.03
WSA,CS,FY2030,11.64,11.89
WSA,CS,FY2031,13.88,14.0
WSA,CS,FY2032,13.29,13.43
WSA,CS,FY2033,13.58,13.63
WSA,CS,FY2034,13.5,13.54
WSA,CS,FY2035,13.34,13.38
Zaso,CS,FY2026,0.0,0.0
Zaso,CS,FY2027,2.36,2.38
Zaso,CS,FY2028,2.35,2.36
Zaso,CS,FY2029,2.42,2.45
Zaso,CS,FY2030,2.69,2.81
Zaso,CS,FY2031,2.39,2.42
Zaso,CS,FY2032,2.18,2.18
Zaso,CS,FY2033,2.63,2.67
Zaso,CS,FY2034,2.65,2.66
Zaso,CS,FY2035,2.61,2.62
